FirstName,LastName,PrimaryEmail,ExternalDataReference,EmbeddedDataA
,,webmaster@hjrcar.pt,hjrcar.pt,
,,webmaster@pole-aliments-sante.com,pole-aliments-sante.com,
,,webmaster@laurajaklitsch.com,laurajaklitsch.com,
,,webmaster@vanderavoort.nl,vanderavoort.nl,
,,webmaster@cannadeus.com,cannadeus.com,
,,webmaster@udlamps.com,udlamps.com,
,,webmaster@veronyka.com,veronyka.com,
,,webmaster@ontargetagency.com,ontargetagency.com,
,,webmaster@riverfallslodging.com,riverfallslodging.com,
,,webmaster@mattressdepottx.com,mattressdepottx.com,
,,webmaster@courierpostonline.com,courierpostonline.com,
,,webmaster@getkidstuff.com,getkidstuff.com,
,,webmaster@elegantsilverandstones.com,elegantsilverandstones.com,
,,webmaster@anaalnathrakhstore.com,anaalnathrakhstore.com,
,,webmaster@mitek.ru,mitek.ru,
,,webmaster@gundogshow.nl,gundogshow.nl,
,,webmaster@pyrus.london,pyrus.london,
,,webmaster@mobscores.net,mobscores.net,
,,webmaster@evijalaivina.com,evijalaivina.com,
,,webmaster@trimetal.nl,trimetal.nl,
,,webmaster@informaticapareja.es,informaticapareja.es,
,,webmaster@giftshowbox.com,giftshowbox.com,
,,webmaster@good-chiropractic.com,good-chiropractic.com,
,,webmaster@acustom.com,acustom.com,
,,webmaster@shopthekei.com,shopthekei.com,
,,webmaster@kimandproper.com,kimandproper.com,
,,webmaster@animetee.com,animetee.com,
,,webmaster@acutabovetreeservicemichiana.com,acutabovetreeservicemichiana.com,
,,webmaster@macalat.com,macalat.com,
,,webmaster@byharmoni.com,byharmoni.com,
,,webmaster@tradeupcontract.com,tradeupcontract.com,
,,webmaster@iamjmason.com,iamjmason.com,
,,webmaster@smvideodownloader.com,smvideodownloader.com,
,,webmaster@benefisc.be,benefisc.be,
,,webmaster@prabhatwires.in,prabhatwires.in,
,,webmaster@achzodcoaching.com,achzodcoaching.com,
,,webmaster@tarkarlidevbagseasandhomestay.com,tarkarlidevbagseasandhomestay.com,
,,webmaster@debe.is,debe.is,
,,webmaster@seymoursolar.com,seymoursolar.com,
,,webmaster@nxtgn.de,nxtgn.de,
,,webmaster@maxxstocks.com,maxxstocks.com,
,,webmaster@vintagetotts.com,vintagetotts.com,
,,webmaster@krecafeed.nl,krecafeed.nl,
,,webmaster@manoirfrancois1er.com,manoirfrancois1er.com,
,,webmaster@fotovlad.ru,fotovlad.ru,
,,webmaster@perfectiontubntile.com,perfectiontubntile.com,
,,webmaster@loveyuna.org,loveyuna.org,
,,webmaster@uvex-safety.ru,uvex-safety.ru,
,,webmaster@lovci-a-obeti.cz,lovci-a-obeti.cz,
,,webmaster@areasciencepark.it,areasciencepark.it,
,,webmaster@kenshin.com,kenshin.com,
,,webmaster@ritinfotech.com,ritinfotech.com,
,,webmaster@cookingdepot.com,cookingdepot.com,
,,webmaster@l1onel.com,l1onel.com,
,,webmaster@10tv.in,10tv.in,
,,webmaster@cignew.com,cignew.com,
,,webmaster@colinrosen.com,colinrosen.com,
,,webmaster@getsabaidee.com,getsabaidee.com,
,,webmaster@sittr.de,sittr.de,
,,webmaster@poas.fi,poas.fi,
,,webmaster@xn--80abjdxa2agb.xn--p1ai,xn--80abjdxa2agb.xn--p1ai,
,,webmaster@hodocc.com,hodocc.com,
,,webmaster@jmonger.com,jmonger.com,
,,webmaster@sweet-home.by,sweet-home.by,
,,webmaster@gerd-gruhn-fotografie.de,gerd-gruhn-fotografie.de,
,,webmaster@esushi.md,esushi.md,
,,webmaster@imissyouman.com,imissyouman.com,
,,webmaster@findsalestalentcanada.com,findsalestalentcanada.com,
,,webmaster@earthcrew2000.org,earthcrew2000.org,
,,webmaster@laco-143.com,laco-143.com,
,,webmaster@serravision.com,serravision.com,
,,webmaster@atlas-secrets.com,atlas-secrets.com,
,,webmaster@btw.nl,btw.nl,
,,webmaster@electrouralnaladka.ru,electrouralnaladka.ru,
,,webmaster@clilyclothing.com,clilyclothing.com,
,,webmaster@filmfest-duesseldorf.de,filmfest-duesseldorf.de,
,,webmaster@advaitahandicrafts.com,advaitahandicrafts.com,
,,webmaster@keithscacao.com,keithscacao.com,
,,webmaster@sopi-shop.com,sopi-shop.com,
,,webmaster@viveleshop.com,viveleshop.com,
,,webmaster@aytre.fr,aytre.fr,
,,webmaster@anthonyboyd.graphics,anthonyboyd.graphics,
,,webmaster@kehia.org,kehia.org,
,,webmaster@imgtour.de,imgtour.de,
,,webmaster@ail-violet-cadours.fr,ail-violet-cadours.fr,
,,webmaster@koedijkertv.nl,koedijkertv.nl,
,,webmaster@bond-diary.jp,bond-diary.jp,
,,webmaster@jujube.vn,jujube.vn,
,,webmaster@experiencerecovery.com,experiencerecovery.com,
,,webmaster@boerkenaas.be,boerkenaas.be,
,,webmaster@glturbo.com,glturbo.com,
,,webmaster@matarow.com,matarow.com,
,,webmaster@ratelki.net,ratelki.net,
,,webmaster@peakinvestment.ca,peakinvestment.ca,
,,webmaster@thijsen-autoparts.com,thijsen-autoparts.com,
,,webmaster@koyama-sendai.com,koyama-sendai.com,
,,webmaster@org.sa,org.sa,
,,webmaster@kjopenstjerne.no,kjopenstjerne.no,
,,webmaster@tersteegs.com,tersteegs.com,
,,webmaster@jmtirect.net,jmtirect.net,
,,webmaster@teambeautydomination.com,teambeautydomination.com,
,,webmaster@yeohlee.com,yeohlee.com,
,,webmaster@thearganmarket.com,thearganmarket.com,
,,webmaster@bersol.es,bersol.es,
,,webmaster@naracodinglabs.com,naracodinglabs.com,
,,webmaster@crestron.com,crestron.com,
,,webmaster@ink9.com,ink9.com,
,,webmaster@alwayscass.com,alwayscass.com,
,,webmaster@vapehobby.com,vapehobby.com,
,,webmaster@ndattyi.ga,ndattyi.ga,
,,webmaster@titoku.ru,titoku.ru,
,,webmaster@gavetaglamour.pt,gavetaglamour.pt,
,,webmaster@estetica-chirurgia.it,estetica-chirurgia.it,
,,webmaster@erikbolding.nl,erikbolding.nl,
,,webmaster@joefonda.com,joefonda.com,
,,webmaster@210geeks.com,210geeks.com,
,,webmaster@theotherdanishguy.eu,theotherdanishguy.eu,
,,webmaster@unknownphenom.com,unknownphenom.com,
,,webmaster@orangescarf.com,orangescarf.com,
,,webmaster@christian-weis.de,christian-weis.de,
,,webmaster@yogapaws.com,yogapaws.com,
,,webmaster@egschools.org,egschools.org,
,,webmaster@aparatecafea-arad.ro,aparatecafea-arad.ro,
,,webmaster@ebda2.net,ebda2.net,
,,webmaster@baulasrl.com,baulasrl.com,
,,webmaster@welcometoastana.kz,welcometoastana.kz,
,,webmaster@putzmeister-india.in,putzmeister-india.in,
,,webmaster@aufloor.ee,aufloor.ee,
,,webmaster@colorgraph.co,colorgraph.co,
,,webmaster@debraporterformals.com,debraporterformals.com,
,,webmaster@stitchybox.com,stitchybox.com,
,,webmaster@la-provence-verte.net,la-provence-verte.net,
,,webmaster@sun-off.com,sun-off.com,
,,webmaster@mauihomeopathy.com,mauihomeopathy.com,
,,webmaster@gakuyu-kai.org,gakuyu-kai.org,
,,webmaster@firefly-boutique.com,firefly-boutique.com,
,,webmaster@caf2map.com,caf2map.com,
,,webmaster@insidecolumbia.net,insidecolumbia.net,
,,webmaster@j-kan.com,j-kan.com,
,,webmaster@xgielda.pl,xgielda.pl,
,,webmaster@philipsled.hk,philipsled.hk,
,,webmaster@hillsidewindhoek.com,hillsidewindhoek.com,
,,webmaster@maciv.com,maciv.com,
,,webmaster@orderofthemess.com,orderofthemess.com,
,,webmaster@wynnewood.org,wynnewood.org,
,,webmaster@artdepotsutton.com,artdepotsutton.com,
,,webmaster@lovelewisham.com,lovelewisham.com,
,,webmaster@asonav.com,asonav.com,
,,webmaster@connectionscounselingcenter.net,connectionscounselingcenter.net,
,,webmaster@randominspiration.info,randominspiration.info,
,,webmaster@immopetitjean.be,immopetitjean.be,
,,webmaster@papagayorealty.com,papagayorealty.com,
,,webmaster@nuevomp3.com,nuevomp3.com,
,,webmaster@sperofoods.co,sperofoods.co,
,,webmaster@ucetnictvipraha.cz,ucetnictvipraha.cz,
,,webmaster@my-handyshop-bamberg.de,my-handyshop-bamberg.de,
,,webmaster@raregal.com,raregal.com,
,,webmaster@baymontmadison.com,baymontmadison.com,
,,webmaster@anmandesign.com,anmandesign.com,
,,webmaster@studujdopravu.sk,studujdopravu.sk,
,,webmaster@diva2.cz,diva2.cz,
,,webmaster@baumannsfoodcenter.com,baumannsfoodcenter.com,
,,webmaster@apexnation.club,apexnation.club,
,,webmaster@needlelittlesomething.com,needlelittlesomething.com,
,,webmaster@gleisbogen-stuttgart.de,gleisbogen-stuttgart.de,
,,webmaster@vitaminefashion.com,vitaminefashion.com,
,,webmaster@toubalyon.com,toubalyon.com,
,,webmaster@okversilia.net,okversilia.net,
,,webmaster@northforkdentalassociates.com,northforkdentalassociates.com,
,,webmaster@liekyrazdva.sk,liekyrazdva.sk,
,,webmaster@thegoddessbox.org,thegoddessbox.org,
,,webmaster@kaszinoprofi.com,kaszinoprofi.com,
,,webmaster@nutshellurl.com,nutshellurl.com,
,,webmaster@inucafe-repobu.com,inucafe-repobu.com,
,,webmaster@i-businessman.com,i-businessman.com,
,,webmaster@yileather.com,yileather.com,
,,webmaster@disaster-medicine.com,disaster-medicine.com,
,,webmaster@willowhillschool.org,willowhillschool.org,
,,webmaster@bechdelcast.com,bechdelcast.com,
,,webmaster@kreuzmann.de,kreuzmann.de,
,,webmaster@astnym.jp,astnym.jp,
,,webmaster@azimuth.ph,azimuth.ph,
,,webmaster@finncrisp.de,finncrisp.de,
,,webmaster@asv-untere-nied.de,asv-untere-nied.de,
,,webmaster@thezipcodeapp.com,thezipcodeapp.com,
,,webmaster@springfieldvetcenter.com,springfieldvetcenter.com,
,,webmaster@iridatour.ru,iridatour.ru,
,,webmaster@svncrwns.com,svncrwns.com,
,,webmaster@yukon.software,yukon.software,
,,webmaster@constructionsupplymagazine.com,constructionsupplymagazine.com,
,,webmaster@ecoagri-food.com,ecoagri-food.com,
,,webmaster@orthodontiststudiocity.com,orthodontiststudiocity.com,
,,webmaster@capdetente-institut.fr,capdetente-institut.fr,
,,webmaster@stonehousecollection.com,stonehousecollection.com,
,,webmaster@genealogicus.nl,genealogicus.nl,
,,webmaster@termene.ro,termene.ro,
,,webmaster@goodlifeqa.com,goodlifeqa.com,
,,webmaster@theprimewear.com,theprimewear.com,
,,webmaster@mrrugged.com,mrrugged.com,
,,webmaster@domeha.com,domeha.com,
,,webmaster@nationschurch.com,nationschurch.com,
,,webmaster@keri.ru,keri.ru,
,,webmaster@k-webs.cz,k-webs.cz,
,,webmaster@oceanhelper.com,oceanhelper.com,
,,webmaster@ccmbhomeinspections.com,ccmbhomeinspections.com,
,,webmaster@yamanashi.jp,yamanashi.jp,
,,webmaster@thierrydaniel.com,thierrydaniel.com,
,,webmaster@juneandmay.life,juneandmay.life,
,,webmaster@knitbrooks.ca,knitbrooks.ca,
,,webmaster@nebraskaol.org,nebraskaol.org,
,,webmaster@ilovehats.ca,ilovehats.ca,
,,webmaster@bushidodreams.com,bushidodreams.com,
,,webmaster@lamartrailer.net,lamartrailer.net,
,,webmaster@passievoorpaarden.com,passievoorpaarden.com,
,,webmaster@hieta.biz,hieta.biz,
,,webmaster@taguchi-auto.jp,taguchi-auto.jp,
,,webmaster@mspropiedadessur.com,mspropiedadessur.com,
,,webmaster@healingservants.com,healingservants.com,
,,webmaster@fiat-boltowicz.pl,fiat-boltowicz.pl,
,,webmaster@shortlistbeauty.com,shortlistbeauty.com,
,,webmaster@therockofkingsley.com,therockofkingsley.com,
,,webmaster@metall-stadler.at,metall-stadler.at,
,,webmaster@willametteartisans.com,willametteartisans.com,
,,webmaster@norskfamilie.no,norskfamilie.no,
,,webmaster@wowcup.com,wowcup.com,
,,webmaster@yourhosthelper.com,yourhosthelper.com,
,,webmaster@denverairconnection.com,denverairconnection.com,
,,webmaster@winnicavanellus.pl,winnicavanellus.pl,
,,webmaster@lacet-niederrhein.de,lacet-niederrhein.de,
,,webmaster@bta.lv,bta.lv,
,,webmaster@jc-beverly-hills.de,jc-beverly-hills.de,
,,webmaster@uniqhorse.com,uniqhorse.com,
,,webmaster@orgchartcity.com,orgchartcity.com,
,,webmaster@liwi68.com,liwi68.com,
,,webmaster@drbej.co,drbej.co,
,,webmaster@bociany-online.pl,bociany-online.pl,
,,webmaster@estilo.ae,estilo.ae,
,,webmaster@ltkarta.ru,ltkarta.ru,
,,webmaster@douni.gr,douni.gr,
,,webmaster@invista.com,invista.com,
,,webmaster@beasley44shop.com,beasley44shop.com,
,,webmaster@oneflow.com,oneflow.com,
,,webmaster@proenglishtheatre.com,proenglishtheatre.com,
,,webmaster@purposedrives.design,purposedrives.design,
,,webmaster@auktionera.nu,auktionera.nu,
,,webmaster@hyslimo.com,hyslimo.com,
,,webmaster@milland.nl,milland.nl,
,,webmaster@vikingcycle.com,vikingcycle.com,
,,webmaster@cputopia.com,cputopia.com,
,,webmaster@restudiostore.com,restudiostore.com,
,,webmaster@8mars15h40.com,8mars15h40.com,
,,webmaster@meswraty.com,meswraty.com,
,,webmaster@stateofmyne.com,stateofmyne.com,
,,webmaster@monkeybarbuddies.com,monkeybarbuddies.com,
,,webmaster@supraboats.com,supraboats.com,
,,webmaster@garynierx.ga,garynierx.ga,
,,webmaster@karintattoo.com,karintattoo.com,
,,webmaster@sunseekerresorts.com,sunseekerresorts.com,
,,webmaster@forrestthewoods.com,forrestthewoods.com,
,,webmaster@cuircenter.com,cuircenter.com,
,,webmaster@tisanta.mx,tisanta.mx,
,,webmaster@kabinetpsychologa.ru,kabinetpsychologa.ru,
,,webmaster@gianarb.it,gianarb.it,
,,webmaster@villageeatinghouse.net,villageeatinghouse.net,
,,webmaster@nsanorth.com,nsanorth.com,
,,webmaster@exclusiverh.com,exclusiverh.com,
,,webmaster@koiranvaljaat.fi,koiranvaljaat.fi,
,,webmaster@avram.io,avram.io,
,,webmaster@vaplo.com,vaplo.com,
,,webmaster@create-everyday.com,create-everyday.com,
,,webmaster@royalrosesyrups.com,royalrosesyrups.com,
,,webmaster@sakuranailsupply.com,sakuranailsupply.com,
,,webmaster@designsprint.org,designsprint.org,
,,webmaster@guysandgalshair.com,guysandgalshair.com,
,,webmaster@sickstuff.co,sickstuff.co,
,,webmaster@casadelsolesanvitolocapo.com,casadelsolesanvitolocapo.com,
,,webmaster@japan-escort-service.com,japan-escort-service.com,
,,webmaster@redskycenter.com,redskycenter.com,
,,webmaster@ski.com,ski.com,
,,webmaster@tv1896hofheim.de,tv1896hofheim.de,
,,webmaster@payingforseniorcare.com,payingforseniorcare.com,
,,webmaster@gov.kg,gov.kg,
,,webmaster@my-thai.kz,my-thai.kz,
,,webmaster@duganhollow.com,duganhollow.com,
,,webmaster@gulliver-kids.ru,gulliver-kids.ru,
,,webmaster@hydraenergy.com,hydraenergy.com,
,,webmaster@puertadelcielo.com,puertadelcielo.com,
,,webmaster@diehl-whittaker.net,diehl-whittaker.net,
,,webmaster@goldlabel.com,goldlabel.com,
,,webmaster@botriverwines.com,botriverwines.com,
,,webmaster@entendre-heyrieux.fr,entendre-heyrieux.fr,
,,webmaster@piftechnologies.com,piftechnologies.com,
,,webmaster@edustrings.com,edustrings.com,
,,webmaster@owlandgiraffe.com,owlandgiraffe.com,
,,webmaster@hotel-sauerland.nl,hotel-sauerland.nl,
,,webmaster@webfootcc.com,webfootcc.com,
,,webmaster@ownsonoma.com,ownsonoma.com,
,,webmaster@bxlbondyblog.be,bxlbondyblog.be,
,,webmaster@tabliswonen.nl,tabliswonen.nl,
,,webmaster@rawwoodshades.com,rawwoodshades.com,
,,webmaster@myplantshop.ch,myplantshop.ch,
,,webmaster@lf2l.fr,lf2l.fr,
,,webmaster@thebasie.org,thebasie.org,
,,webmaster@orsu.fr,orsu.fr,
,,webmaster@wedkuje.pl,wedkuje.pl,
,,webmaster@four-brique.fr,four-brique.fr,
,,webmaster@mosaiq.sk,mosaiq.sk,
,,webmaster@weteachmaths.com,weteachmaths.com,
,,webmaster@mndevelopers.com,mndevelopers.com,
,,webmaster@glacierstonesupply.com,glacierstonesupply.com,
,,webmaster@pauwex.cz,pauwex.cz,
,,webmaster@organicpandit.com,organicpandit.com,
,,webmaster@miamimoversforless.com,miamimoversforless.com,
,,webmaster@willa-duszniki.pl,willa-duszniki.pl,
,,webmaster@addo.digital,addo.digital,
,,webmaster@fapshows.com,fapshows.com,
,,webmaster@chalkboard.education,chalkboard.education,
,,webmaster@zenwire.ca,zenwire.ca,
,,webmaster@jamaicaweddingphotos.com,jamaicaweddingphotos.com,
,,webmaster@rotulosalan.com,rotulosalan.com,
,,webmaster@nonsurgicalliposuctionguide.com,nonsurgicalliposuctionguide.com,
,,webmaster@eventsbydesignoregon.com,eventsbydesignoregon.com,
,,webmaster@gladexchange.com,gladexchange.com,
,,webmaster@triangelresor.se,triangelresor.se,
,,webmaster@bernhardt.io,bernhardt.io,
,,webmaster@dexsil.com,dexsil.com,
,,webmaster@monastiriaka.gr,monastiriaka.gr,
,,webmaster@immobiliarevalenziano.com,immobiliarevalenziano.com,
,,webmaster@ednaandmilly.com,ednaandmilly.com,
,,webmaster@opticspice.ca,opticspice.ca,
,,webmaster@gearrex.com,gearrex.com,
,,webmaster@droughtschool.net,droughtschool.net,
,,webmaster@toby-rosenthal.com,toby-rosenthal.com,
,,webmaster@metallbau-pross.de,metallbau-pross.de,
,,webmaster@colorvaleactions.com,colorvaleactions.com,
,,webmaster@balticcam.ee,balticcam.ee,
,,webmaster@kingstonrealestateinfo.com,kingstonrealestateinfo.com,
,,webmaster@lesetenmortgages.com,lesetenmortgages.com,
,,webmaster@vivivexx.com,vivivexx.com,
,,webmaster@wyandotbbq.com,wyandotbbq.com,
,,webmaster@bingobonuscash.com,bingobonuscash.com,
,,webmaster@richardyoo.com,richardyoo.com,
,,webmaster@comptabilite-profession-liberale.fr,comptabilite-profession-liberale.fr,
,,webmaster@gizmogadgets.shop,gizmogadgets.shop,
,,webmaster@wimenwillieperbus.eu,wimenwillieperbus.eu,
,,webmaster@bakerblankets.com,bakerblankets.com,
,,webmaster@cvonline.me,cvonline.me,
,,webmaster@superiorwindowcleaninglasvegas.com,superiorwindowcleaninglasvegas.com,
,,webmaster@crystalofakind.com,crystalofakind.com,
,,webmaster@educacursos.com,educacursos.com,
,,webmaster@eclecticjohny.com,eclecticjohny.com,
,,webmaster@gardenhousebh.com,gardenhousebh.com,
,,webmaster@centurypackaginginc.com,centurypackaginginc.com,
,,webmaster@ugram.org,ugram.org,
,,webmaster@lartisanebox.com,lartisanebox.com,
,,webmaster@smartkidabacus.com,smartkidabacus.com,
,,webmaster@cykelitalia.se,cykelitalia.se,
,,webmaster@candlesbycarol.com,candlesbycarol.com,
,,webmaster@privegroup.com,privegroup.com,
,,webmaster@skup-auto.pl,skup-auto.pl,
,,webmaster@samuelpucciobjj.com,samuelpucciobjj.com,
,,webmaster@uesama.games,uesama.games,
,,webmaster@medianetnow.com,medianetnow.com,
,,webmaster@dutchharborgearstore.com,dutchharborgearstore.com,
,,webmaster@slunko-trebic.cz,slunko-trebic.cz,
,,webmaster@style-yoggy.com,style-yoggy.com,
,,webmaster@countrywidehomes.ca,countrywidehomes.ca,
,,webmaster@halfpricebooks.in,halfpricebooks.in,
,,webmaster@bmthofficial.com,bmthofficial.com,
,,webmaster@bebelicious.com,bebelicious.com,
,,webmaster@hallsgarden.com,hallsgarden.com,
,,webmaster@dienlanhnguyenphat.com,dienlanhnguyenphat.com,
,,webmaster@oceanlovedesigns.com,oceanlovedesigns.com,
,,webmaster@daniellepedersen.com,daniellepedersen.com,
,,webmaster@nutopia.se,nutopia.se,
,,webmaster@xn--ycrq3az1pk5c1rryjpg56b.jp,xn--ycrq3az1pk5c1rryjpg56b.jp,
,,webmaster@thermalplus.sk,thermalplus.sk,
,,webmaster@nelsonperformancehorsesllc.com,nelsonperformancehorsesllc.com,
,,webmaster@peopledev.net,peopledev.net,
,,webmaster@dermatologistfaridabad.in,dermatologistfaridabad.in,
,,webmaster@hairdesignertv.com,hairdesignertv.com,
,,webmaster@heritagetractor.com,heritagetractor.com,
,,webmaster@owossotrojans.com,owossotrojans.com,
,,webmaster@avocat-frederic-pau.fr,avocat-frederic-pau.fr,
,,webmaster@rootchi.com,rootchi.com,
,,webmaster@hearinginnovations.com,hearinginnovations.com,
,,webmaster@diana.sk,diana.sk,
,,webmaster@adelio.co,adelio.co,
,,webmaster@beko-rus.ru,beko-rus.ru,
,,webmaster@giatladonganh.com,giatladonganh.com,
,,webmaster@sageandseafarms.com,sageandseafarms.com,
,,webmaster@reallyhomemade.com,reallyhomemade.com,
,,webmaster@ssdhospital.com,ssdhospital.com,
,,webmaster@lynchcorp.com,lynchcorp.com,
,,webmaster@tahomaliteraryreview.com,tahomaliteraryreview.com,
,,webmaster@ga-wear.com,ga-wear.com,
,,webmaster@theskyrest.com,theskyrest.com,
,,webmaster@featherhillrealestate.com,featherhillrealestate.com,
,,webmaster@monettilandscape.com,monettilandscape.com,
,,webmaster@fizzandbubble.com,fizzandbubble.com,
,,webmaster@asnt-media-exhibits.org,asnt-media-exhibits.org,
,,webmaster@auburn.edu,auburn.edu,
,,webmaster@bionicfishing.com,bionicfishing.com,
,,webmaster@webcams-etudiantes.com,webcams-etudiantes.com,
,,webmaster@alldressedupcouture.com,alldressedupcouture.com,
,,webmaster@haikukring-nederland.nl,haikukring-nederland.nl,
,,webmaster@feteugt-sma.es,feteugt-sma.es,
,,webmaster@kubavats.com,kubavats.com,
,,webmaster@aonie.it,aonie.it,
,,webmaster@pelspieco.com,pelspieco.com,
,,webmaster@visitedmondok.com,visitedmondok.com,
,,webmaster@charitieshousing.org,charitieshousing.org,
,,webmaster@landing.jobs,landing.jobs,
,,webmaster@balanceblades.com,balanceblades.com,
,,webmaster@san-fit.com,san-fit.com,
,,webmaster@india9.com,india9.com,
,,webmaster@brm-shop.com,brm-shop.com,
,,webmaster@topgearny.com,topgearny.com,
,,webmaster@chronos-technology.nl,chronos-technology.nl,
,,webmaster@bricolagepress.com,bricolagepress.com,
,,webmaster@curem.pl,curem.pl,
,,webmaster@matica-hrvatska-dubrovnik.com,matica-hrvatska-dubrovnik.com,
,,webmaster@eastendpress.com,eastendpress.com,
,,webmaster@zibi.pl,zibi.pl,
,,webmaster@drevalet.com,drevalet.com,
,,webmaster@tjekbil.dk,tjekbil.dk,
,,webmaster@lilyhunter.nl,lilyhunter.nl,
,,webmaster@consolefootball.com,consolefootball.com,
,,webmaster@annette-postel.com,annette-postel.com,
,,webmaster@alsat.kg,alsat.kg,
,,webmaster@matchbookcoffeeproject.com,matchbookcoffeeproject.com,
,,webmaster@horizondivers.com,horizondivers.com,
,,webmaster@trendnology.co,trendnology.co,
,,webmaster@vqui.it,vqui.it,
,,webmaster@napadpreskoly.sk,napadpreskoly.sk,
,,webmaster@sheilafajl.com,sheilafajl.com,
,,webmaster@next-level-empowerment.com,next-level-empowerment.com,
,,webmaster@smartfirebbq.com,smartfirebbq.com,
,,webmaster@melbourneairportassistance.com,melbourneairportassistance.com,
,,webmaster@mrubel.com,mrubel.com,
,,webmaster@sspeterpaul.org,sspeterpaul.org,
,,webmaster@pablo-ruiz-picasso.net,pablo-ruiz-picasso.net,
,,webmaster@skinesque.com,skinesque.com,
,,webmaster@coffeemongers.com,coffeemongers.com,
,,webmaster@findyourbank.in,findyourbank.in,
,,webmaster@cmcantierimoderni.it,cmcantierimoderni.it,
,,webmaster@openas.com,openas.com,
,,webmaster@oshotorinopiemonte.it,oshotorinopiemonte.it,
,,webmaster@thegarden.agency,thegarden.agency,
,,webmaster@ewi-ennigerloh.de,ewi-ennigerloh.de,
,,webmaster@zuvaa.com,zuvaa.com,
,,webmaster@f1pool.net,f1pool.net,
,,webmaster@spandauer-ufer.de,spandauer-ufer.de,
,,webmaster@luvijarentacar.com,luvijarentacar.com,
,,webmaster@fastercampaigns.com,fastercampaigns.com,
,,webmaster@hardteckno.com,hardteckno.com,
,,webmaster@showoffmedia.dk,showoffmedia.dk,
,,webmaster@pearlsoflaja.com,pearlsoflaja.com,
,,webmaster@fixingmania.com,fixingmania.com,
,,webmaster@montessori-schoenthal.de,montessori-schoenthal.de,
,,webmaster@photoscapeschicago.com,photoscapeschicago.com,
,,webmaster@spokeandbear.com,spokeandbear.com,
,,webmaster@faithfultreasure.com,faithfultreasure.com,
,,webmaster@aeolservice.es,aeolservice.es,
,,webmaster@berens.net,berens.net,
,,webmaster@my-cap.ca,my-cap.ca,
,,webmaster@minneolacoop.com,minneolacoop.com,
,,webmaster@indo-xx1.club,indo-xx1.club,
,,webmaster@edloefinch.com,edloefinch.com,
,,webmaster@urantia.nl,urantia.nl,
,,webmaster@studioetc.nl,studioetc.nl,
,,webmaster@miracleherb.com,miracleherb.com,
,,webmaster@creabat.com,creabat.com,
,,webmaster@tomsickova.com,tomsickova.com,
,,webmaster@markhamproducts.com,markhamproducts.com,
,,webmaster@militarypillow.com,militarypillow.com,
,,webmaster@aurishealth.com,aurishealth.com,
,,webmaster@vertelkring-delft.nl,vertelkring-delft.nl,
,,webmaster@graciepac.com,graciepac.com,
,,webmaster@perfectexhibitions.com,perfectexhibitions.com,
,,webmaster@peregrinosdefatima.com,peregrinosdefatima.com,
,,webmaster@get-balance.ru,get-balance.ru,
,,webmaster@beigelr.com,beigelr.com,
,,webmaster@raffino.jp,raffino.jp,
,,webmaster@poncedeleonabogados.com,poncedeleonabogados.com,
,,webmaster@urbangadgette.com,urbangadgette.com,
,,webmaster@lancaster-metal-etching.com,lancaster-metal-etching.com,
,,webmaster@littlerock.com,littlerock.com,
,,webmaster@coloori.com,coloori.com,
,,webmaster@dbtpe.org,dbtpe.org,
,,webmaster@acl.com,acl.com,
,,webmaster@cimpdesign.com,cimpdesign.com,
,,webmaster@trophees-sante-mobile.com,trophees-sante-mobile.com,
,,webmaster@genki-saga.com,genki-saga.com,
,,webmaster@fleetster.net,fleetster.net,
,,webmaster@stitchnoteusa.com,stitchnoteusa.com,
,,webmaster@honeyginger.ca,honeyginger.ca,
,,webmaster@dancewirepdx.org,dancewirepdx.org,
,,webmaster@russianspaniel.ru,russianspaniel.ru,
,,webmaster@grahamrealtyinc.com,grahamrealtyinc.com,
,,webmaster@communityopera.com,communityopera.com,
,,webmaster@boxfromjapan.com,boxfromjapan.com,
,,webmaster@mycanplan.com,mycanplan.com,
,,webmaster@ulmtickets.de,ulmtickets.de,
,,webmaster@cosmetichearingsolutions.com,cosmetichearingsolutions.com,
,,webmaster@abingdonspares.com,abingdonspares.com,
,,webmaster@taichi-toum.fr,taichi-toum.fr,
,,webmaster@shopsundaymonday.com,shopsundaymonday.com,
,,webmaster@gpj.ma,gpj.ma,
,,webmaster@catherineweitzman.com,catherineweitzman.com,
,,webmaster@shiga-consortium.com,shiga-consortium.com,
,,webmaster@yesindisguise.com,yesindisguise.com,
,,webmaster@zespolalibi.pl,zespolalibi.pl,
,,webmaster@milldirectcarpetandhardwood.com,milldirectcarpetandhardwood.com,
,,webmaster@molalacompany.com,molalacompany.com,
,,webmaster@mulchingmania.com,mulchingmania.com,
,,webmaster@westernreps.com,westernreps.com,
,,webmaster@marksdancewear.com,marksdancewear.com,
,,webmaster@michellevbasics.com,michellevbasics.com,
,,webmaster@shadesshop.com,shadesshop.com,
,,webmaster@lacordaireacademy.com,lacordaireacademy.com,
,,webmaster@20in42.com,20in42.com,
,,webmaster@baby-jogger.pl,baby-jogger.pl,
,,webmaster@findingyouranchor.com,findingyouranchor.com,
,,webmaster@partinchem.com,partinchem.com,
,,webmaster@explora.life,explora.life,
,,webmaster@linkedmalls.com,linkedmalls.com,
,,webmaster@ivex.ai,ivex.ai,
,,webmaster@doctor-dog.ru,doctor-dog.ru,
,,webmaster@letslettertogether.com,letslettertogether.com,
,,webmaster@starlightstudio.jp,starlightstudio.jp,
,,webmaster@pelicanlakeswindsor.com,pelicanlakeswindsor.com,
,,webmaster@tlcrental.co,tlcrental.co,
,,webmaster@apexfarming.com,apexfarming.com,
,,webmaster@rauhansopimus.fi,rauhansopimus.fi,
,,webmaster@strayrats.com,strayrats.com,
,,webmaster@serp-school9.ru,serp-school9.ru,
,,webmaster@maukau.com,maukau.com,
,,webmaster@gite-labignone.fr,gite-labignone.fr,
,,webmaster@imperfects.co,imperfects.co,
,,webmaster@icebarns.com,icebarns.com,
,,webmaster@ecetouring.com,ecetouring.com,
,,webmaster@studio414.com,studio414.com,
,,webmaster@lordwaffleking.com,lordwaffleking.com,
,,webmaster@ioshmagazine.com,ioshmagazine.com,
,,webmaster@sannote.com,sannote.com,
,,webmaster@adwokattyrakowska.pl,adwokattyrakowska.pl,
,,webmaster@forzaparma.it,forzaparma.it,
,,webmaster@xn--b1adilucapo.xn--p1ai,xn--b1adilucapo.xn--p1ai,
,,webmaster@postpethospital.net,postpethospital.net,
,,webmaster@citadeltheatre.com,citadeltheatre.com,
,,webmaster@cannwoodfarm.com,cannwoodfarm.com,
,,webmaster@pelzerwelt.de,pelzerwelt.de,
,,webmaster@trutrakflightsystems.com,trutrakflightsystems.com,
,,webmaster@anhnbt.com,anhnbt.com,
,,webmaster@salonbongini.com,salonbongini.com,
,,webmaster@jeongwonkorean.com,jeongwonkorean.com,
,,webmaster@stripnflywear.com,stripnflywear.com,
,,webmaster@biolife4d.com,biolife4d.com,
,,webmaster@angely.net,angely.net,
,,webmaster@esnaxx.com,esnaxx.com,
,,webmaster@panthera.no,panthera.no,
,,webmaster@albrigiluigistore.com,albrigiluigistore.com,
,,webmaster@observeit.com,observeit.com,
,,webmaster@playdude.co,playdude.co,
,,webmaster@seo-code.com,seo-code.com,
,,webmaster@oedro.com,oedro.com,
,,webmaster@ticketpad.fr,ticketpad.fr,
,,webmaster@cloudanalogy.com,cloudanalogy.com,
,,webmaster@2chickswithchocolate.com,2chickswithchocolate.com,
,,webmaster@scea-njea.org,scea-njea.org,
,,webmaster@deutscheweb.org,deutscheweb.org,
,,webmaster@jakewillers.com,jakewillers.com,
,,webmaster@venusenvy.ca,venusenvy.ca,
,,webmaster@photosontheroad.eu,photosontheroad.eu,
,,webmaster@labote.com,labote.com,
,,webmaster@flashingneonsigns.com,flashingneonsigns.com,
,,webmaster@ronthea.com,ronthea.com,
,,webmaster@nicesucc.com,nicesucc.com,
,,webmaster@article22.com,article22.com,
,,webmaster@myfamilysmile.com,myfamilysmile.com,
,,webmaster@thermalabs.biz,thermalabs.biz,
,,webmaster@justtransitionfund.org,justtransitionfund.org,
,,webmaster@cabolo.it,cabolo.it,
,,webmaster@simbasleep.ca,simbasleep.ca,
,,webmaster@mikso.sk,mikso.sk,
,,webmaster@steliasguides.com,steliasguides.com,
,,webmaster@tvh.in,tvh.in,
,,webmaster@h-uro.com,h-uro.com,
,,webmaster@micoferrandiz.com,micoferrandiz.com,
,,webmaster@tadarepo.com,tadarepo.com,
,,webmaster@organik.ro,organik.ro,
,,webmaster@toestory.cz,toestory.cz,
,,webmaster@browsertobuyer.com,browsertobuyer.com,
,,webmaster@gtnv.cz,gtnv.cz,
,,webmaster@234.62,234.62,
,,webmaster@fagform.is,fagform.is,
,,webmaster@elkollege.ru,elkollege.ru,
,,webmaster@alankaplanphotography.com,alankaplanphotography.com,
,,webmaster@lostal2013.com,lostal2013.com,
,,webmaster@eoipuertodelacruz.com,eoipuertodelacruz.com,
,,webmaster@newmethodmotors.com,newmethodmotors.com,
,,webmaster@retroaktivsynthesizers.com,retroaktivsynthesizers.com,
,,webmaster@szzp.cz,szzp.cz,
,,webmaster@agilenetworkindia.com,agilenetworkindia.com,
,,webmaster@careggs.com,careggs.com,
,,webmaster@awearsolutions.com,awearsolutions.com,
,,webmaster@hant.se,hant.se,
,,webmaster@erinandersonco.com,erinandersonco.com,
,,webmaster@mildlyevilshop.com,mildlyevilshop.com,
,,webmaster@denimunspun.com,denimunspun.com,
,,webmaster@im-digital.club,im-digital.club,
,,webmaster@terhao.org,terhao.org,
,,webmaster@leukemeuk.nl,leukemeuk.nl,
,,webmaster@billionexworld.com,billionexworld.com,
,,webmaster@fidiaweb.net,fidiaweb.net,
,,webmaster@mycreditstory.ru,mycreditstory.ru,
,,webmaster@digitalcreation.fr,digitalcreation.fr,
,,webmaster@colleensparis.com,colleensparis.com,
,,webmaster@uniquos.com,uniquos.com,
,,webmaster@cflsea.com,cflsea.com,
,,webmaster@alpinebabyco.com,alpinebabyco.com,
,,webmaster@gonsalvesandhall.com,gonsalvesandhall.com,
,,webmaster@cfine.org,cfine.org,
,,webmaster@magnificentquilt.com,magnificentquilt.com,
,,webmaster@swisstruck.ch,swisstruck.ch,
,,webmaster@freymark-photography.de,freymark-photography.de,
,,webmaster@atmosphair.com,atmosphair.com,
,,webmaster@euroslovakia.ru,euroslovakia.ru,
,,webmaster@tvdemortel.nl,tvdemortel.nl,
,,webmaster@hosting-australia.com,hosting-australia.com,
,,webmaster@zsterezin.cz,zsterezin.cz,
,,webmaster@arratta.one,arratta.one,
,,webmaster@clarityproducts.org,clarityproducts.org,
,,webmaster@liffeytrust.ie,liffeytrust.ie,
,,webmaster@netcmg.com,netcmg.com,
,,webmaster@ofisnaya.ru,ofisnaya.ru,
,,webmaster@dittowearable.com,dittowearable.com,
,,webmaster@soundandstone.store,soundandstone.store,
,,webmaster@sbsc.se,sbsc.se,
,,webmaster@nic.cx,nic.cx,
,,webmaster@modernfriendshipclub.com,modernfriendshipclub.com,
,,webmaster@uniregistry.com,uniregistry.com,
,,webmaster@gibbondigital.com,gibbondigital.com,
,,webmaster@lifeteaches.org,lifeteaches.org,
,,webmaster@lesguidescomparer.com,lesguidescomparer.com,
,,webmaster@sh1788.net,sh1788.net,
,,webmaster@opcondeixa.pt,opcondeixa.pt,
,,webmaster@cacgv.ca,cacgv.ca,
,,webmaster@betfirst.be,betfirst.be,
,,webmaster@nytimesgroupsubscriptions.com,nytimesgroupsubscriptions.com,
,,webmaster@dentaprelandsoldat.dk,dentaprelandsoldat.dk,
,,webmaster@pacificdentalsanrafael.com,pacificdentalsanrafael.com,
,,webmaster@mindfulzebra.com,mindfulzebra.com,
,,webmaster@sharif.edu,sharif.edu,
,,webmaster@imaginary.org,imaginary.org,
,,webmaster@asavur.org,asavur.org,
,,webmaster@igturk.net,igturk.net,
,,webmaster@esportsbusinessleague.com,esportsbusinessleague.com,
,,webmaster@avojak.com,avojak.com,
,,webmaster@wonen-op-stand.nl,wonen-op-stand.nl,
,,webmaster@fillenue.net,fillenue.net,
,,webmaster@nptestudybuddy.com,nptestudybuddy.com,
,,webmaster@hellacoolkids.com,hellacoolkids.com,
,,webmaster@gabaldon.com,gabaldon.com,
,,webmaster@australiascoralcoast.com,australiascoralcoast.com,
,,webmaster@whiterockpier.ca,whiterockpier.ca,
,,webmaster@judihendricks.com,judihendricks.com,
,,webmaster@atara-xyl.jp,atara-xyl.jp,
,,webmaster@editionsfabulle.ca,editionsfabulle.ca,
,,webmaster@ms-deal.de,ms-deal.de,
,,webmaster@stsimeonorthodoxchurch.com,stsimeonorthodoxchurch.com,
,,webmaster@sayitwithgratitude.com,sayitwithgratitude.com,
,,webmaster@myrtlebeachgolf.com,myrtlebeachgolf.com,
,,webmaster@naijamarketplace.net,naijamarketplace.net,
,,webmaster@nextgentens.com,nextgentens.com,
,,webmaster@cynthiaszorg.nl,cynthiaszorg.nl,
,,webmaster@ferienfreizeit-fieb.de,ferienfreizeit-fieb.de,
,,webmaster@germanskyva.com,germanskyva.com,
,,webmaster@romanandfrench.com,romanandfrench.com,
,,webmaster@michaelmotzek.de,michaelmotzek.de,
,,webmaster@deliberatelyhere.com,deliberatelyhere.com,
,,webmaster@2anes.com,2anes.com,
,,webmaster@misadventure.co,misadventure.co,
,,webmaster@hauri.de,hauri.de,
,,webmaster@libera-inc.com,libera-inc.com,
,,webmaster@kinon.com,kinon.com,
,,webmaster@demo.tc,demo.tc,
,,webmaster@atelierarticle.com,atelierarticle.com,
,,webmaster@herrenmode.ca,herrenmode.ca,
,,webmaster@sunnests.com,sunnests.com,
,,webmaster@reddrumtackle.com,reddrumtackle.com,
,,webmaster@ffcdi.org,ffcdi.org,
,,webmaster@openhabits.com,openhabits.com,
,,webmaster@soundadvicehac.com,soundadvicehac.com,
,,webmaster@razmenyai.ru,razmenyai.ru,
,,webmaster@oleumm8.com,oleumm8.com,
,,webmaster@pennstatebakery.com,pennstatebakery.com,
,,webmaster@vertex.fi,vertex.fi,
,,webmaster@triprandomiser.com,triprandomiser.com,
,,webmaster@parawestparasailing.com,parawestparasailing.com,
,,webmaster@katiraeilaw.com,katiraeilaw.com,
,,webmaster@nodokatea.com,nodokatea.com,
,,webmaster@tiendadelmarmol.net,tiendadelmarmol.net,
,,webmaster@adulthookup.com,adulthookup.com,
,,webmaster@bambi-officiel.com,bambi-officiel.com,
,,webmaster@medinacenter.ru,medinacenter.ru,
,,webmaster@luinwe.org,luinwe.org,
,,webmaster@ideasinnovadoras.com,ideasinnovadoras.com,
,,webmaster@mytirepros.com,mytirepros.com,
,,webmaster@sslinvest.com,sslinvest.com,
,,webmaster@homewater.com,homewater.com,
,,webmaster@sloanestephens.com,sloanestephens.com,
,,webmaster@annavonbergmann.de,annavonbergmann.de,
,,webmaster@ockelcomputers.com,ockelcomputers.com,
,,webmaster@agroprekyba.com,agroprekyba.com,
,,webmaster@costadiamalfi.it,costadiamalfi.it,
,,webmaster@nwmfginc.com,nwmfginc.com,
,,webmaster@decimalpointanalytics.com,decimalpointanalytics.com,
,,webmaster@xn----8sbeb1bcblv.xn--p1ai,xn----8sbeb1bcblv.xn--p1ai,
,,webmaster@adiassribeachresorts.com,adiassribeachresorts.com,
,,webmaster@barlupulus.ca,barlupulus.ca,
,,webmaster@xj220data.com,xj220data.com,
,,webmaster@chrisgabriel.co,chrisgabriel.co,
,,webmaster@mellipou.com,mellipou.com,
,,webmaster@lsonline.fr,lsonline.fr,
,,webmaster@lolhax.org,lolhax.org,
,,webmaster@mil.gt,mil.gt,
,,webmaster@ysipc.com,ysipc.com,
,,webmaster@quotify.it,quotify.it,
,,webmaster@smart-ip-tvs.com,smart-ip-tvs.com,
,,webmaster@salazarsaslandscaping.com,salazarsaslandscaping.com,
,,webmaster@xn--80aaagjc7ae6agvhiof9k.xn--p1ai,xn--80aaagjc7ae6agvhiof9k.xn--p1ai,
,,webmaster@switchboxcoffee.com,switchboxcoffee.com,
,,webmaster@axon.com,axon.com,
,,webmaster@ectogasm.net,ectogasm.net,
,,webmaster@federicomari.name,federicomari.name,
,,webmaster@rainmakervt.com,rainmakervt.com,
,,webmaster@baskerbutiken.se,baskerbutiken.se,
,,webmaster@rentvestor.com,rentvestor.com,
,,webmaster@unicornjewelry.com,unicornjewelry.com,
,,webmaster@skovdesymaskiner.se,skovdesymaskiner.se,
,,webmaster@poutnici.com,poutnici.com,
,,webmaster@teejerker.com,teejerker.com,
,,webmaster@marypoppinsnannyservice.com,marypoppinsnannyservice.com,
,,webmaster@divabody.com,divabody.com,
,,webmaster@diningcity.hu,diningcity.hu,
,,webmaster@remi-marion.fr,remi-marion.fr,
,,webmaster@gbg.md,gbg.md,
,,webmaster@poshbellaboutique.com,poshbellaboutique.com,
,,webmaster@globaltradeworks.com,globaltradeworks.com,
,,webmaster@robxbarron.com,robxbarron.com,
,,webmaster@debutpiger.dk,debutpiger.dk,
,,webmaster@adapt-uhi.org,adapt-uhi.org,
,,webmaster@ffdus.de,ffdus.de,
,,webmaster@uffesotare.se,uffesotare.se,
,,webmaster@petitboulevard.com,petitboulevard.com,
,,webmaster@inprint.by,inprint.by,
,,webmaster@kv-gartenbauvereine-kulmbach.de,kv-gartenbauvereine-kulmbach.de,
,,webmaster@dreamleggings.com,dreamleggings.com,
,,webmaster@becomepublished.com,becomepublished.com,
,,webmaster@winnipegtradingpost.com,winnipegtradingpost.com,
,,webmaster@relook-cars.fr,relook-cars.fr,
,,webmaster@rukousystavat.fi,rukousystavat.fi,
,,webmaster@studiostation.pl,studiostation.pl,
,,webmaster@burnettspecialists.com,burnettspecialists.com,
,,webmaster@anketom.ru,anketom.ru,
,,webmaster@bmc-artwork.fr,bmc-artwork.fr,
,,webmaster@graceandangeline.com,graceandangeline.com,
,,webmaster@foreignaffairsmotorsports.com,foreignaffairsmotorsports.com,
,,webmaster@goldenstateofmind.com,goldenstateofmind.com,
,,webmaster@carbondmp.com,carbondmp.com,
,,webmaster@infonindo.com,infonindo.com,
,,webmaster@praxisklinik-dr-stein.de,praxisklinik-dr-stein.de,
,,webmaster@mmohsenikabir.ir,mmohsenikabir.ir,
,,webmaster@temonline.nl,temonline.nl,
,,webmaster@bhedesigns.com,bhedesigns.com,
,,webmaster@bimtrace.com,bimtrace.com,
,,webmaster@glenroyal.ie,glenroyal.ie,
,,webmaster@painreliefcenterla.com,painreliefcenterla.com,
,,webmaster@sablesdumonde.com,sablesdumonde.com,
,,webmaster@schleckdruff.at,schleckdruff.at,
,,webmaster@hapbeecompany.com,hapbeecompany.com,
,,webmaster@kuczkowski.net,kuczkowski.net,
,,webmaster@thelils.com,thelils.com,
,,webmaster@cboehm.it,cboehm.it,
,,webmaster@hitomedia.jp,hitomedia.jp,
,,webmaster@ohbonita.com,ohbonita.com,
,,webmaster@adamballingerart.com,adamballingerart.com,
,,webmaster@xfade.org,xfade.org,
,,webmaster@u-tt.com,u-tt.com,
,,webmaster@waschmaschinen-reparaturdienst-berlin.de,waschmaschinen-reparaturdienst-berlin.de,
,,webmaster@bhlpa.com,bhlpa.com,
,,webmaster@bsg-t.kz,bsg-t.kz,
,,webmaster@lesavantnu.com,lesavantnu.com,
,,webmaster@pwc-karriere.de,pwc-karriere.de,
,,webmaster@vmoney.net,vmoney.net,
,,webmaster@sierrafencetx.com,sierrafencetx.com,
,,webmaster@dahotelesaltoelloa.com,dahotelesaltoelloa.com,
,,webmaster@blendergallery.com,blendergallery.com,
,,webmaster@grannenfeltfinance.fi,grannenfeltfinance.fi,
,,webmaster@prince-spa.com,prince-spa.com,
,,webmaster@poshpresentshop.com,poshpresentshop.com,
,,webmaster@macewen3d.com,macewen3d.com,
,,webmaster@ttesports.com,ttesports.com,
,,webmaster@jhsathletics.org,jhsathletics.org,
,,webmaster@lesfoliesdesofie.be,lesfoliesdesofie.be,
,,webmaster@inders.in,inders.in,
,,webmaster@changingstates.org,changingstates.org,
,,webmaster@boutiqueendurance.ca,boutiqueendurance.ca,
,,webmaster@listelese.net,listelese.net,
,,webmaster@millertime26.com,millertime26.com,
,,webmaster@castlerockessentialproducts.com,castlerockessentialproducts.com,
,,webmaster@orangevilleproperties.com,orangevilleproperties.com,
,,webmaster@thechemistrysolution.com,thechemistrysolution.com,
,,webmaster@rusticahomedecor.com,rusticahomedecor.com,
,,webmaster@ceswebworks.com,ceswebworks.com,
,,webmaster@treschiclashes.com,treschiclashes.com,
,,webmaster@versandhaus-online.com,versandhaus-online.com,
,,webmaster@nupetfooddelivery.com,nupetfooddelivery.com,
,,webmaster@yogaya.it,yogaya.it,
,,webmaster@abdulhamit-erdogan.com,abdulhamit-erdogan.com,
,,webmaster@shelfliners.com,shelfliners.com,
,,webmaster@joansakeeper.com,joansakeeper.com,
,,webmaster@weavefurniture.com,weavefurniture.com,
,,webmaster@ganzheitliche-ernaehrung.ch,ganzheitliche-ernaehrung.ch,
,,webmaster@oneremission.com,oneremission.com,
,,webmaster@dostavka-kemerovo.ru,dostavka-kemerovo.ru,
,,webmaster@jongetjeofmeisje.nl,jongetjeofmeisje.nl,
,,webmaster@hooterscalendar.com,hooterscalendar.com,
,,webmaster@valentinecreative.com,valentinecreative.com,
,,webmaster@elektro-menke.de,elektro-menke.de,
,,webmaster@dynamicscompanions.com,dynamicscompanions.com,
,,webmaster@oneloveorthodontics.com,oneloveorthodontics.com,
,,webmaster@drgabacus.com,drgabacus.com,
,,webmaster@joymerrymanstore.com,joymerrymanstore.com,
,,webmaster@propertifix.com,propertifix.com,
,,webmaster@margotvanderstraeten.com,margotvanderstraeten.com,
,,webmaster@industrypieces.com,industrypieces.com,
,,webmaster@southbeaches.info,southbeaches.info,
,,webmaster@mycashflow.ee,mycashflow.ee,
,,webmaster@ben.services,ben.services,
,,webmaster@ansinhmed.com,ansinhmed.com,
,,webmaster@raptorresearchfoundation.org,raptorresearchfoundation.org,
,,webmaster@agentur-samuel.de,agentur-samuel.de,
,,webmaster@allthingsrealestatestore.com,allthingsrealestatestore.com,
,,webmaster@audiu.net,audiu.net,
,,webmaster@figsstore.com,figsstore.com,
,,webmaster@browninsuranceservices.com,browninsuranceservices.com,
,,webmaster@sleepezi.com,sleepezi.com,
,,webmaster@y-conference.com,y-conference.com,
,,webmaster@treninkovyprofil.cz,treninkovyprofil.cz,
,,webmaster@musikakademie.be,musikakademie.be,
,,webmaster@memberplay.org,memberplay.org,
,,webmaster@maggiesiner.com,maggiesiner.com,
,,webmaster@blistrup.dk,blistrup.dk,
,,webmaster@reportercriticism.com,reportercriticism.com,
,,webmaster@oralmukozasempozyumu.org,oralmukozasempozyumu.org,
,,webmaster@azintord.com,azintord.com,
,,webmaster@saulesspektras.lt,saulesspektras.lt,
,,webmaster@pureskin-salon.com,pureskin-salon.com,
,,webmaster@cogestim.ch,cogestim.ch,
,,webmaster@ffiel.com,ffiel.com,
,,webmaster@unionstationbrick.net,unionstationbrick.net,
,,webmaster@mailconvertertools.com,mailconvertertools.com,
,,webmaster@govmatt.com,govmatt.com,
,,webmaster@myrqvist.se,myrqvist.se,
,,webmaster@thehovercam.com,thehovercam.com,
,,webmaster@daingerfieldflowermill.com,daingerfieldflowermill.com,
,,webmaster@lvmswim.com,lvmswim.com,
,,webmaster@revsense.com,revsense.com,
,,webmaster@deboralab.com,deboralab.com,
,,webmaster@cfsinnovation.org,cfsinnovation.org,
,,webmaster@produktkonfiguratoren.ch,produktkonfiguratoren.ch,
,,webmaster@doublebmonograms.com,doublebmonograms.com,
,,webmaster@weddingsteps.com,weddingsteps.com,
,,webmaster@check-host.net,check-host.net,
,,webmaster@amlimoservices.net,amlimoservices.net,
,,webmaster@prtimes.com,prtimes.com,
,,webmaster@jmdrygoods.com,jmdrygoods.com,
,,webmaster@wcp2017.org,wcp2017.org,
,,webmaster@unleashednaturals.com,unleashednaturals.com,
,,webmaster@ashergoods.com,ashergoods.com,
,,webmaster@ayasta.com,ayasta.com,
,,webmaster@podistitagliolesi.it,podistitagliolesi.it,
,,webmaster@lorenzihub.run,lorenzihub.run,
,,webmaster@lanikaibeauty.com,lanikaibeauty.com,
,,webmaster@cer-eco-rennes.com,cer-eco-rennes.com,
,,webmaster@motorservukcars.com,motorservukcars.com,
,,webmaster@misiunas.com,misiunas.com,
,,webmaster@capturebaddrivers.com,capturebaddrivers.com,
,,webmaster@optomonline.ru,optomonline.ru,
,,webmaster@rdbtools.com,rdbtools.com,
,,webmaster@solefiness.com,solefiness.com,
,,webmaster@whatsapptoplumesajgonder.com,whatsapptoplumesajgonder.com,
,,webmaster@cornerhousebbq.com,cornerhousebbq.com,
,,webmaster@a4d-moordrecht.nl,a4d-moordrecht.nl,
,,webmaster@waymedia.nl,waymedia.nl,
,,webmaster@stormgrounds.com,stormgrounds.com,
,,webmaster@pool-fitness.jp,pool-fitness.jp,
,,webmaster@rimpro-tec.com,rimpro-tec.com,
,,webmaster@rugbypobednik.com,rugbypobednik.com,
,,webmaster@coinmarketdaddy.com,coinmarketdaddy.com,
,,webmaster@erotix.shop,erotix.shop,
,,webmaster@mybodysymphony.com,mybodysymphony.com,
,,webmaster@gtrbacklinks.com,gtrbacklinks.com,
,,webmaster@portofcc.com,portofcc.com,
,,webmaster@helloadorn.com,helloadorn.com,
,,webmaster@mdrehab.org,mdrehab.org,
,,webmaster@barcodesupplies.com,barcodesupplies.com,
,,webmaster@globaltourindia.com,globaltourindia.com,
,,webmaster@pvstream.com,pvstream.com,
,,webmaster@lucacattoi.it,lucacattoi.it,
,,webmaster@formsmedjan.se,formsmedjan.se,
,,webmaster@demartinodesign.com,demartinodesign.com,
,,webmaster@cherlynnsherman.com,cherlynnsherman.com,
,,webmaster@girlceoinc.com,girlceoinc.com,
,,webmaster@frankelsjuvenile.com,frankelsjuvenile.com,
,,webmaster@weber-timmerwerken.nl,weber-timmerwerken.nl,
,,webmaster@trend-bags.com,trend-bags.com,
,,webmaster@beraphael.com,beraphael.com,
,,webmaster@disco30a.com,disco30a.com,
,,webmaster@engageable.net,engageable.net,
,,webmaster@filmvantage.com,filmvantage.com,
,,webmaster@lexdistrictumc.org,lexdistrictumc.org,
,,webmaster@loccospace.com,loccospace.com,
,,webmaster@tinytoyco.com,tinytoyco.com,
,,webmaster@monumentalproducts.com,monumentalproducts.com,
,,webmaster@olympiamare.com,olympiamare.com,
,,webmaster@progamesworld.com,progamesworld.com,
,,webmaster@mosokna.ru,mosokna.ru,
,,webmaster@bimstockholm.se,bimstockholm.se,
,,webmaster@homeintheadirondacks.com,homeintheadirondacks.com,
,,webmaster@gasser-huetten.com,gasser-huetten.com,
,,webmaster@bluejeanbaby.com,bluejeanbaby.com,
,,webmaster@squidfactor.com,squidfactor.com,
,,webmaster@intotheblueart.com,intotheblueart.com,
,,webmaster@bensells.com,bensells.com,
,,webmaster@burningflipside.com,burningflipside.com,
,,webmaster@westparkmall.com,westparkmall.com,
,,webmaster@megamixradio.fr,megamixradio.fr,
,,webmaster@onecall.no,onecall.no,
,,webmaster@fleurdevici.com,fleurdevici.com,
,,webmaster@reliablerv.com,reliablerv.com,
,,webmaster@vandesteppe.com,vandesteppe.com,
,,webmaster@amethystbliss.com,amethystbliss.com,
,,webmaster@darlazontv.com,darlazontv.com,
,,webmaster@astronomie-im-chiemgau.de,astronomie-im-chiemgau.de,
,,webmaster@lirescan.me,lirescan.me,
,,webmaster@videoart.net,videoart.net,
,,webmaster@checkrepost.com,checkrepost.com,
,,webmaster@sizes.com,sizes.com,
,,webmaster@67avenue.com,67avenue.com,
,,webmaster@afterlifeparanormal.com,afterlifeparanormal.com,
,,webmaster@scripter.co,scripter.co,
,,webmaster@lizzylanefarm.com,lizzylanefarm.com,
,,webmaster@wohnzauber-halle.de,wohnzauber-halle.de,
,,webmaster@architectsmart.com,architectsmart.com,
,,webmaster@luganofoodandwalk.ch,luganofoodandwalk.ch,
,,webmaster@pepinieres-schmitz.lu,pepinieres-schmitz.lu,
,,webmaster@madnessroulette.net,madnessroulette.net,
,,webmaster@air-neo.com,air-neo.com,
,,webmaster@kilsslakteri.se,kilsslakteri.se,
,,webmaster@minori-group.com,minori-group.com,
,,webmaster@cynthiagale.com,cynthiagale.com,
,,webmaster@bednos.com,bednos.com,
,,webmaster@singlespot.com,singlespot.com,
,,webmaster@mpcsupply.com,mpcsupply.com,
,,webmaster@mywism.com,mywism.com,
,,webmaster@sartori-costruzioni.com,sartori-costruzioni.com,
,,webmaster@publilegal.fr,publilegal.fr,
,,webmaster@oomphagency.com,oomphagency.com,
,,webmaster@technogoober.com,technogoober.com,
,,webmaster@trzecieoko.pl,trzecieoko.pl,
,,webmaster@justinfortmann.com,justinfortmann.com,
,,webmaster@tgarts.com,tgarts.com,
,,webmaster@dgtl-factory.com,dgtl-factory.com,
,,webmaster@slayedbyten.com,slayedbyten.com,
,,webmaster@sturmanddrang.net,sturmanddrang.net,
,,webmaster@barbaramotter.com,barbaramotter.com,
,,webmaster@eautoclub.com,eautoclub.com,
,,webmaster@ddriessen.com,ddriessen.com,
,,webmaster@savyuk.ru,savyuk.ru,
,,webmaster@shopcopperpenny.com,shopcopperpenny.com,
,,webmaster@praxonomy.com,praxonomy.com,
,,webmaster@ahum.se,ahum.se,
,,webmaster@opraseno.cz,opraseno.cz,
,,webmaster@americot.com,americot.com,
,,webmaster@wasserwelten.net,wasserwelten.net,
,,webmaster@captainsnautical.com,captainsnautical.com,
,,webmaster@palmerfamilyandfriends.com,palmerfamilyandfriends.com,
,,webmaster@xn--80ajbsbklhjftf.xn--p1ai,xn--80ajbsbklhjftf.xn--p1ai,
,,webmaster@paradigmapparel.com,paradigmapparel.com,
,,webmaster@betonunion.cz,betonunion.cz,
,,webmaster@graphart.hu,graphart.hu,
,,webmaster@welwel.jp,welwel.jp,
,,webmaster@steeltoughcontainers.com,steeltoughcontainers.com,
,,webmaster@bottleadvice.com,bottleadvice.com,
,,webmaster@ropescourses.eu,ropescourses.eu,
,,webmaster@kupinaklik.com,kupinaklik.com,
