FirstName,LastName,PrimaryEmail,ExternalDataReference,EmbeddedDataA
,,webmaster@danlawrie.com,danlawrie.com,
,,webmaster@spectrservice.com,spectrservice.com,
,,webmaster@senkronbilisim.net,senkronbilisim.net,
,,webmaster@xn--34-6kc8dubu.xn--p1ai,xn--34-6kc8dubu.xn--p1ai,
,,webmaster@legatsiden.no,legatsiden.no,
,,webmaster@lesolher.fr,lesolher.fr,
,,webmaster@implantstom-clinic.ru,implantstom-clinic.ru,
,,webmaster@cantleypsychotherapy.com,cantleypsychotherapy.com,
,,webmaster@quizn.jp,quizn.jp,
,,webmaster@fablet-tafoto.fr,fablet-tafoto.fr,
,,webmaster@tantatan-musashiyrawa.com,tantatan-musashiyrawa.com,
,,webmaster@gamroma.it,gamroma.it,
,,webmaster@phukienotomazda.com,phukienotomazda.com,
,,webmaster@seikouibuki.jp,seikouibuki.jp,
,,webmaster@pruvodcekarierou.cz,pruvodcekarierou.cz,
,,webmaster@beautykaza.com,beautykaza.com,
,,webmaster@bialogics.com,bialogics.com,
,,webmaster@ordercial.com,ordercial.com,
,,webmaster@lksshop.de,lksshop.de,
,,webmaster@8723dental.com,8723dental.com,
,,webmaster@exmouthbaptistchurch.org,exmouthbaptistchurch.org,
,,webmaster@chinastudyagency.com,chinastudyagency.com,
,,webmaster@g8cw.cn,g8cw.cn,
,,webmaster@eci-pec.rs,eci-pec.rs,
,,webmaster@in-vitro.dk,in-vitro.dk,
,,webmaster@jeskieausoleil.com,jeskieausoleil.com,
,,webmaster@karate-team.de,karate-team.de,
,,webmaster@ingbert-liebing.de,ingbert-liebing.de,
,,webmaster@forumtwilight.com,forumtwilight.com,
,,webmaster@drillingshop.ru,drillingshop.ru,
,,webmaster@olympiahotelvalencia.com,olympiahotelvalencia.com,
,,webmaster@suncli.com,suncli.com,
,,webmaster@patentlybay.com,patentlybay.com,
,,webmaster@businesscoach.com,businesscoach.com,
,,webmaster@e-hurtowniabudowlana.pl,e-hurtowniabudowlana.pl,
,,webmaster@montreal-maconnerie.com,montreal-maconnerie.com,
,,webmaster@saveahornyfriend.org,saveahornyfriend.org,
,,webmaster@bio-sinensis.com,bio-sinensis.com,
,,webmaster@codebunker.org,codebunker.org,
,,webmaster@zseq17d9wek.net,zseq17d9wek.net,
,,webmaster@krakmasz.pl,krakmasz.pl,
,,webmaster@goods-travel.ru,goods-travel.ru,
,,webmaster@savealive.de,savealive.de,
,,webmaster@mvsadnik.ru,mvsadnik.ru,
,,webmaster@imaginesls.org,imaginesls.org,
,,webmaster@heitech-arts.de,heitech-arts.de,
,,webmaster@icelab.uk,icelab.uk,
,,webmaster@pondtuna.com,pondtuna.com,
,,webmaster@shlinrui.com,shlinrui.com,
,,webmaster@maconnerie-merotto.com,maconnerie-merotto.com,
,,webmaster@drmeckler.com,drmeckler.com,
,,webmaster@buecherei-dellbrueck.de,buecherei-dellbrueck.de,
,,webmaster@poznan-warszawa.pl,poznan-warszawa.pl,
,,webmaster@summerlifeapartments.com,summerlifeapartments.com,
,,webmaster@luciatarantola.eu,luciatarantola.eu,
,,webmaster@thelerner.com,thelerner.com,
,,webmaster@jansesoft.de,jansesoft.de,
,,webmaster@worldgator.com,worldgator.com,
,,webmaster@northcyprusdream.com,northcyprusdream.com,
,,webmaster@co-creationz.nz,co-creationz.nz,
,,webmaster@pfarrverband-wildschoenau.at,pfarrverband-wildschoenau.at,
,,webmaster@cucuco.es,cucuco.es,
,,webmaster@nashremahi.com,nashremahi.com,
,,webmaster@dagenssoelvpris.dk,dagenssoelvpris.dk,
,,webmaster@adl-lostallo.ch,adl-lostallo.ch,
,,webmaster@vkem.tw,vkem.tw,
,,webmaster@cvctee.com,cvctee.com,
,,webmaster@xtechdoormasters.com,xtechdoormasters.com,
,,webmaster@agm-fl.com,agm-fl.com,
,,webmaster@campbowsers.com,campbowsers.com,
,,webmaster@hausmartina.at,hausmartina.at,
,,webmaster@realdrivewaypavers.com,realdrivewaypavers.com,
,,webmaster@targyalok.hu,targyalok.hu,
,,webmaster@antiochchurchofchrist.org,antiochchurchofchrist.org,
,,webmaster@robrie.com,robrie.com,
,,webmaster@type3registry.com,type3registry.com,
,,webmaster@bemumdiy.com,bemumdiy.com,
,,webmaster@stephanedeselle.com,stephanedeselle.com,
,,webmaster@finewoolopt.ru,finewoolopt.ru,
,,webmaster@imdesigngroup.com,imdesigngroup.com,
,,webmaster@drjavaherian.com,drjavaherian.com,
,,webmaster@kidmechanix.com,kidmechanix.com,
,,webmaster@matchphotographers.com,matchphotographers.com,
,,webmaster@liutukas.lt,liutukas.lt,
,,webmaster@salentocasa.store,salentocasa.store,
,,webmaster@aparthotellacontessa.com,aparthotellacontessa.com,
,,webmaster@coersa-r.com,coersa-r.com,
,,webmaster@laurasplans.com,laurasplans.com,
,,webmaster@designerscornerlightingandantiques.com,designerscornerlightingandantiques.com,
,,webmaster@atrea.lt,atrea.lt,
,,webmaster@llitd.com,llitd.com,
,,webmaster@espaijove.net,espaijove.net,
,,webmaster@wayoflife.gr,wayoflife.gr,
,,webmaster@dagensblest.com,dagensblest.com,
,,webmaster@aficorin-0330.com,aficorin-0330.com,
,,webmaster@semillerguitars.com,semillerguitars.com,
,,webmaster@corradocrocerijudo.com,corradocrocerijudo.com,
,,webmaster@norfolkterrier.cz,norfolkterrier.cz,
,,webmaster@rankersclasses.com,rankersclasses.com,
,,webmaster@bukmacherkawsieci.info,bukmacherkawsieci.info,
,,webmaster@mattmcgee.net,mattmcgee.net,
,,webmaster@aixin-bearing.com,aixin-bearing.com,
,,webmaster@marczakcrystal.com,marczakcrystal.com,
,,webmaster@geezbeezhoney.com,geezbeezhoney.com,
,,webmaster@tagmentor.com,tagmentor.com,
,,webmaster@javacioc.com,javacioc.com,
,,webmaster@glassacad.com,glassacad.com,
,,webmaster@vinkysport.ru,vinkysport.ru,
,,webmaster@highendhustlers.com,highendhustlers.com,
,,webmaster@hts-heiztechnik.at,hts-heiztechnik.at,
,,webmaster@marukakougen-cc.jp,marukakougen-cc.jp,
,,webmaster@tagesjump.ru,tagesjump.ru,
,,webmaster@germandarioperez.com,germandarioperez.com,
,,webmaster@drabek-vitraze.cz,drabek-vitraze.cz,
,,webmaster@the-ecotarian.com,the-ecotarian.com,
,,webmaster@szukamuslugi.com,szukamuslugi.com,
,,webmaster@lakeshoregym.com,lakeshoregym.com,
,,webmaster@thebestportraits.com,thebestportraits.com,
,,webmaster@chattycrafting.com,chattycrafting.com,
,,webmaster@elblogdelajesu.com,elblogdelajesu.com,
,,webmaster@ltyonline.cn,ltyonline.cn,
,,webmaster@vlaamsstripcentrum.shop,vlaamsstripcentrum.shop,
,,webmaster@flyingfarmhouse.com,flyingfarmhouse.com,
,,webmaster@performancemarketing.ir,performancemarketing.ir,
,,webmaster@dairynews.gr,dairynews.gr,
,,webmaster@stockholm2011.org,stockholm2011.org,
,,webmaster@tomromito.com,tomromito.com,
,,webmaster@alamedacountyindustries.com,alamedacountyindustries.com,
,,webmaster@editionsimbernon.com,editionsimbernon.com,
,,webmaster@hospice.md,hospice.md,
,,webmaster@jenslachnerphotography.de,jenslachnerphotography.de,
,,webmaster@evolvevideographytraining.com,evolvevideographytraining.com,
,,webmaster@tukangsampahfiberstainless.com,tukangsampahfiberstainless.com,
,,webmaster@marielakin.org,marielakin.org,
,,webmaster@denasdoctor.ru,denasdoctor.ru,
,,webmaster@kovovyroba-brazda.cz,kovovyroba-brazda.cz,
,,webmaster@shab.it,shab.it,
,,webmaster@thomasstubbs.com,thomasstubbs.com,
,,webmaster@bioposuda.com,bioposuda.com,
,,webmaster@julianhighschool.org,julianhighschool.org,
,,webmaster@pteco.ru,pteco.ru,
,,webmaster@cryptechstudios.com,cryptechstudios.com,
,,webmaster@owaplan.nl,owaplan.nl,
,,webmaster@t1ee.cn,t1ee.cn,
,,webmaster@smilevideo.jp,smilevideo.jp,
,,webmaster@inf4u.org,inf4u.org,
,,webmaster@jozoara.com,jozoara.com,
,,webmaster@rallyvanhetoerlandschap.nl,rallyvanhetoerlandschap.nl,
,,webmaster@functionalmovementdisorder.com,functionalmovementdisorder.com,
,,webmaster@ristoranteparadisofalconara.it,ristoranteparadisofalconara.it,
,,webmaster@hbhv.be,hbhv.be,
,,webmaster@hestoochat.ir,hestoochat.ir,
,,webmaster@calmegard.se,calmegard.se,
,,webmaster@grotnes.no,grotnes.no,
,,webmaster@urbangrolab.nl,urbangrolab.nl,
,,webmaster@hotsocks.at,hotsocks.at,
,,webmaster@didierfaustino.com,didierfaustino.com,
,,webmaster@dash-hotels.com,dash-hotels.com,
,,webmaster@santateresaterrassa.org,santateresaterrassa.org,
,,webmaster@xehbp.cn,xehbp.cn,
,,webmaster@sfipresci.org,sfipresci.org,
,,webmaster@paron.ch,paron.ch,
,,webmaster@hospitalmaria.org,hospitalmaria.org,
,,webmaster@cnbshop.com,cnbshop.com,
,,webmaster@patrimoniotoledo.com,patrimoniotoledo.com,
,,webmaster@spectralight.ca,spectralight.ca,
,,webmaster@greenstepschatt.com,greenstepschatt.com,
,,webmaster@muzeulmures.ro,muzeulmures.ro,
,,webmaster@franz-obermeier.de,franz-obermeier.de,
,,webmaster@pllngy.com,pllngy.com,
,,webmaster@baybridgehomes.com,baybridgehomes.com,
,,webmaster@clearights.net,clearights.net,
,,webmaster@prander.ru,prander.ru,
,,webmaster@torrevadovacanze.com,torrevadovacanze.com,
,,webmaster@cornishcrabber.eu,cornishcrabber.eu,
,,webmaster@ipulse-group.com,ipulse-group.com,
,,webmaster@leoblokhuis.nl,leoblokhuis.nl,
,,webmaster@bmsti.com,bmsti.com,
,,webmaster@busmap.info,busmap.info,
,,webmaster@fifthcenturymusic.com,fifthcenturymusic.com,
,,webmaster@whereiswhatnow.com,whereiswhatnow.com,
,,webmaster@gasteizcalling.com,gasteizcalling.com,
,,webmaster@kiavalbelair.com,kiavalbelair.com,
,,webmaster@skycityentertainmentgroup.com,skycityentertainmentgroup.com,
,,webmaster@clarabartonmuseum.org,clarabartonmuseum.org,
,,webmaster@richardmcdonald.ca,richardmcdonald.ca,
,,webmaster@echocdcenter.com,echocdcenter.com,
,,webmaster@homestudiolessons.com,homestudiolessons.com,
,,webmaster@xcessnews.com,xcessnews.com,
,,webmaster@troublemakingpunk.org,troublemakingpunk.org,
,,webmaster@wijkraadstevenshof.nl,wijkraadstevenshof.nl,
,,webmaster@e2mp.com,e2mp.com,
,,webmaster@ship60.com,ship60.com,
,,webmaster@surveyguide.xyz,surveyguide.xyz,
,,webmaster@randywisedurand.net,randywisedurand.net,
,,webmaster@pvmit.com,pvmit.com,
,,webmaster@yuniqueonline.com,yuniqueonline.com,
,,webmaster@riverregionfamily.com,riverregionfamily.com,
,,webmaster@powergatesoftware.com,powergatesoftware.com,
,,webmaster@aibo-freunde.de,aibo-freunde.de,
,,webmaster@rope-bondage.com,rope-bondage.com,
,,webmaster@lostjewellery.com,lostjewellery.com,
,,webmaster@tsujimotter.info,tsujimotter.info,
,,webmaster@xiaosbao.com,xiaosbao.com,
,,webmaster@ogmeg.com,ogmeg.com,
,,webmaster@clinic-kaigyo.com,clinic-kaigyo.com,
,,webmaster@ondeimovel.com,ondeimovel.com,
,,webmaster@cai-sa.net,cai-sa.net,
,,webmaster@zooadvisors.com,zooadvisors.com,
,,webmaster@studiolegalecinelli.it,studiolegalecinelli.it,
,,webmaster@terramagra.com,terramagra.com,
,,webmaster@rajamobie.com,rajamobie.com,
,,webmaster@revistainternacionaldelmundoeconomicoydelderecho.net,revistainternacionaldelmundoeconomicoydelderecho.net,
,,webmaster@andyspublishers.com,andyspublishers.com,
,,webmaster@gambling666.com,gambling666.com,
,,webmaster@airden.eu,airden.eu,
,,webmaster@jokado.lt,jokado.lt,
,,webmaster@aixaamankay.com,aixaamankay.com,
,,webmaster@channel5belize.com,channel5belize.com,
,,webmaster@trouvaillemoncher.com,trouvaillemoncher.com,
,,webmaster@motors24.ee,motors24.ee,
,,webmaster@motoba.gr,motoba.gr,
,,webmaster@voyage-matsuyama.com,voyage-matsuyama.com,
,,webmaster@quincymediacareers.com,quincymediacareers.com,
,,webmaster@draculatheunconquered.com,draculatheunconquered.com,
,,webmaster@waldorfpaedagogisches-zentrum-diez.de,waldorfpaedagogisches-zentrum-diez.de,
,,webmaster@umgreen.com,umgreen.com,
,,webmaster@obsdewierde.nl,obsdewierde.nl,
,,webmaster@mustdejidvei.ro,mustdejidvei.ro,
,,webmaster@albertobasterra.com,albertobasterra.com,
,,webmaster@montegobayvegas.com,montegobayvegas.com,
,,webmaster@5-1-2.com,5-1-2.com,
,,webmaster@trinknahrung.shop,trinknahrung.shop,
,,webmaster@essen-kunst-musik.de,essen-kunst-musik.de,
,,webmaster@pladebesos.es,pladebesos.es,
,,webmaster@hrsaddlery.com,hrsaddlery.com,
,,webmaster@jmus.eu,jmus.eu,
,,webmaster@xsjscz.com,xsjscz.com,
,,webmaster@armage.org,armage.org,
,,webmaster@rollinsart.com,rollinsart.com,
,,webmaster@silander.uk,silander.uk,
,,webmaster@conservativepatriothq.com,conservativepatriothq.com,
,,webmaster@soundsignature.net,soundsignature.net,
,,webmaster@dmarc.io,dmarc.io,
,,webmaster@ipa-library.com,ipa-library.com,
,,webmaster@ristorantepecoranera.com,ristorantepecoranera.com,
,,webmaster@96519.net,96519.net,
,,webmaster@playground10.info,playground10.info,
,,webmaster@xshidaish.com,xshidaish.com,
,,webmaster@vikingspringkastelen.be,vikingspringkastelen.be,
,,webmaster@detaupeur.com,detaupeur.com,
,,webmaster@cablecommunityfarm.org,cablecommunityfarm.org,
,,webmaster@73stolb.ru,73stolb.ru,
,,webmaster@ustanovka-teploobmennika.ru,ustanovka-teploobmennika.ru,
,,webmaster@sexworkersrightscommunity.org,sexworkersrightscommunity.org,
,,webmaster@rescueroad.org,rescueroad.org,
,,webmaster@mipdoc.com,mipdoc.com,
,,webmaster@nasmati.com,nasmati.com,
,,webmaster@pckennis.nl,pckennis.nl,
,,webmaster@thewellsanantonio.com,thewellsanantonio.com,
,,webmaster@beleneslaravid.com,beleneslaravid.com,
,,webmaster@opatka.sk,opatka.sk,
,,webmaster@creditalliance.eu,creditalliance.eu,
,,webmaster@eightron.tokyo,eightron.tokyo,
,,webmaster@trinesnaturpaedagogiskepp.dk,trinesnaturpaedagogiskepp.dk,
,,webmaster@cshop.gr,cshop.gr,
,,webmaster@establishedandsons.com,establishedandsons.com,
,,webmaster@quattrozampexpo.it,quattrozampexpo.it,
,,webmaster@parthvalves.com,parthvalves.com,
,,webmaster@schoonmaakbedrijf020.nl,schoonmaakbedrijf020.nl,
,,webmaster@photo-abc-de.com,photo-abc-de.com,
,,webmaster@robotinside13.com,robotinside13.com,
,,webmaster@adelgazarrapidodietas.com,adelgazarrapidodietas.com,
,,webmaster@eastbaypreschools.com,eastbaypreschools.com,
,,webmaster@sustainablehomes.com,sustainablehomes.com,
,,webmaster@blogcarmensilva.com,blogcarmensilva.com,
,,webmaster@capecentralband.com,capecentralband.com,
,,webmaster@oore.ca,oore.ca,
,,webmaster@sk-hotels.com,sk-hotels.com,
,,webmaster@durangoeuskaltegia.eus,durangoeuskaltegia.eus,
,,webmaster@face-art-paris.org,face-art-paris.org,
,,webmaster@firstdefenserescue.com,firstdefenserescue.com,
,,webmaster@toplast.ru,toplast.ru,
,,webmaster@aksatrade.com,aksatrade.com,
,,webmaster@simmonsgleek.com,simmonsgleek.com,
,,webmaster@ghoracoffee.com,ghoracoffee.com,
,,webmaster@fintaxinfo.in,fintaxinfo.in,
,,webmaster@fernandorocha.com,fernandorocha.com,
,,webmaster@alivetangovictoria.ca,alivetangovictoria.ca,
,,webmaster@esute-ami.jp,esute-ami.jp,
,,webmaster@northwoodseeds.com,northwoodseeds.com,
,,webmaster@shadowplays.com,shadowplays.com,
,,webmaster@tommiyake.com,tommiyake.com,
,,webmaster@sdscribe.com,sdscribe.com,
,,webmaster@tipe.io,tipe.io,
,,webmaster@olbiaairport.net,olbiaairport.net,
,,webmaster@ram-blog.com,ram-blog.com,
,,webmaster@globalview.be,globalview.be,
,,webmaster@stmichaelcp.org,stmichaelcp.org,
,,webmaster@yenigazetem.net,yenigazetem.net,
,,webmaster@hxfs888.com,hxfs888.com,
,,webmaster@kokokinderopvang.nl,kokokinderopvang.nl,
,,webmaster@rominasaloustrou.gr,rominasaloustrou.gr,
,,webmaster@mrs-o-c.com,mrs-o-c.com,
,,webmaster@horizoned.ca,horizoned.ca,
,,webmaster@tsuredurechildren.com,tsuredurechildren.com,
,,webmaster@techniquainfo.cf,techniquainfo.cf,
,,webmaster@vakantietip.eu,vakantietip.eu,
,,webmaster@zootpublishing.com,zootpublishing.com,
,,webmaster@persianatheist.com,persianatheist.com,
,,webmaster@he0551.com,he0551.com,
,,webmaster@fzmt.ru,fzmt.ru,
,,webmaster@ostrozskoas.cz,ostrozskoas.cz,
,,webmaster@topsizegeneticsreviews.com,topsizegeneticsreviews.com,
,,webmaster@arlexclocks.com,arlexclocks.com,
,,webmaster@djplie.com,djplie.com,
,,webmaster@jds-scholarship.org,jds-scholarship.org,
,,webmaster@noticias365.net,noticias365.net,
,,webmaster@pitstopopwijk.be,pitstopopwijk.be,
,,webmaster@gts-huerth.de,gts-huerth.de,
,,webmaster@realestatedayton.com,realestatedayton.com,
,,webmaster@odchudzaniewpigulce.pl,odchudzaniewpigulce.pl,
,,webmaster@myown2sense.com,myown2sense.com,
,,webmaster@sterlingoffice.com,sterlingoffice.com,
,,webmaster@ashlintech.com,ashlintech.com,
,,webmaster@zanshinofcny.com,zanshinofcny.com,
,,webmaster@negusfamily.net,negusfamily.net,
,,webmaster@haiyamaru.net,haiyamaru.net,
,,webmaster@ariseministries.org,ariseministries.org,
,,webmaster@paroissesvp.fr,paroissesvp.fr,
,,webmaster@americanrodeo.com,americanrodeo.com,
,,webmaster@svveli.com,svveli.com,
,,webmaster@medicina-chinesa.org,medicina-chinesa.org,
,,webmaster@zvpod.com,zvpod.com,
,,webmaster@82.17,82.17,
,,webmaster@playroulettexonline.org,playroulettexonline.org,
,,webmaster@mikeince.com,mikeince.com,
,,webmaster@srgfunds.com,srgfunds.com,
,,webmaster@china-ukraine.info,china-ukraine.info,
,,webmaster@secretlynx.com,secretlynx.com,
,,webmaster@vukmircetic.com,vukmircetic.com,
,,webmaster@wirelessefficiency.cn,wirelessefficiency.cn,
,,webmaster@headcoachsports.com,headcoachsports.com,
,,webmaster@tdpshu.org,tdpshu.org,
,,webmaster@inamerica.us,inamerica.us,
,,webmaster@exiin.com,exiin.com,
,,webmaster@jiejiede.com,jiejiede.com,
,,webmaster@danahomeland.vn,danahomeland.vn,
,,webmaster@apartamentosturisticosmurallaziri.com,apartamentosturisticosmurallaziri.com,
,,webmaster@eastonecapital.com,eastonecapital.com,
,,webmaster@stmartinsprov.org,stmartinsprov.org,
,,webmaster@fksloboda.rs,fksloboda.rs,
,,webmaster@bb-beurs.nl,bb-beurs.nl,
,,webmaster@valenciasurgery.com,valenciasurgery.com,
,,webmaster@machinerypark.in,machinerypark.in,
,,webmaster@redmasvos.org,redmasvos.org,
,,webmaster@tv-system.info,tv-system.info,
,,webmaster@codinggouter.org,codinggouter.org,
,,webmaster@getthoselyrics.com,getthoselyrics.com,
,,webmaster@tysonfoodscareers.com,tysonfoodscareers.com,
,,webmaster@autobedrijfberendsen.nl,autobedrijfberendsen.nl,
,,webmaster@veilingenfaillissement.be,veilingenfaillissement.be,
,,webmaster@blablarecord.com,blablarecord.com,
,,webmaster@cscasting.com,cscasting.com,
,,webmaster@cheapabercrombiesoutlets.com,cheapabercrombiesoutlets.com,
,,webmaster@experis.pe,experis.pe,
,,webmaster@spazioconsumatore.it,spazioconsumatore.it,
,,webmaster@radardeldragon.com,radardeldragon.com,
,,webmaster@la-luce.net,la-luce.net,
,,webmaster@vip-weapon.ru,vip-weapon.ru,
,,webmaster@baseballchimp.com,baseballchimp.com,
,,webmaster@feuerwehr-lohne.de,feuerwehr-lohne.de,
,,webmaster@hbnet.cz,hbnet.cz,
,,webmaster@hokkaido-garden.com,hokkaido-garden.com,
,,webmaster@av-car.ru,av-car.ru,
,,webmaster@daveparkerecolodge.ws,daveparkerecolodge.ws,
,,webmaster@themermaidinthegherkinjar.com,themermaidinthegherkinjar.com,
,,webmaster@paracelsus-apotheke-ge.de,paracelsus-apotheke-ge.de,
,,webmaster@thecasinoscity.fr,thecasinoscity.fr,
,,webmaster@diemernieuws.nl,diemernieuws.nl,
,,webmaster@rent4fun.be,rent4fun.be,
,,webmaster@geschenkpakket.nl,geschenkpakket.nl,
,,webmaster@1454957.com,1454957.com,
,,webmaster@plotsaver.com,plotsaver.com,
,,webmaster@myzucca.com,myzucca.com,
,,webmaster@vetsprevail.org,vetsprevail.org,
,,webmaster@westyorkshireobservatory.org,westyorkshireobservatory.org,
,,webmaster@wsdco.org,wsdco.org,
,,webmaster@beyerstudio.com,beyerstudio.com,
,,webmaster@d2camo.com,d2camo.com,
,,webmaster@yasn-zori.ru,yasn-zori.ru,
,,webmaster@sportsbutcher.com,sportsbutcher.com,
,,webmaster@eveselis.com,eveselis.com,
,,webmaster@induction-cooker.net,induction-cooker.net,
,,webmaster@poweredgemarketinggroup.com,poweredgemarketinggroup.com,
,,webmaster@coyotecompagnie.com,coyotecompagnie.com,
,,webmaster@twindisc.it,twindisc.it,
,,webmaster@juravel-teplohod.ru,juravel-teplohod.ru,
,,webmaster@thai-kickboxing.de,thai-kickboxing.de,
,,webmaster@internet2u.ru,internet2u.ru,
,,webmaster@mearimark.com,mearimark.com,
,,webmaster@kelumac.com,kelumac.com,
,,webmaster@intimshop.kz,intimshop.kz,
,,webmaster@top4fitness.ro,top4fitness.ro,
,,webmaster@melihtorlak.com,melihtorlak.com,
,,webmaster@bengawanpost.com,bengawanpost.com,
,,webmaster@lesbienne18.com,lesbienne18.com,
,,webmaster@akvastat.ru,akvastat.ru,
,,webmaster@chintimini.org,chintimini.org,
,,webmaster@magnitodigital.com,magnitodigital.com,
,,webmaster@plume-assistance.fr,plume-assistance.fr,
,,webmaster@miia.fi,miia.fi,
,,webmaster@kristian1000.cz,kristian1000.cz,
,,webmaster@ifwd-sport.de,ifwd-sport.de,
,,webmaster@reisenhofer.info,reisenhofer.info,
,,webmaster@renatafono.com,renatafono.com,
,,webmaster@thewileyshow.com,thewileyshow.com,
,,webmaster@cafesmitenvoogt.nl,cafesmitenvoogt.nl,
,,webmaster@ladyglamour.it,ladyglamour.it,
,,webmaster@ineditar.pt,ineditar.pt,
,,webmaster@borneobaby.com,borneobaby.com,
,,webmaster@penuliskreatif.com,penuliskreatif.com,
,,webmaster@ewb.fi,ewb.fi,
,,webmaster@bbcspb.com,bbcspb.com,
,,webmaster@envisens.com,envisens.com,
,,webmaster@fitness-nutrition.by,fitness-nutrition.by,
,,webmaster@ksh-hufeisen.de,ksh-hufeisen.de,
,,webmaster@hsag.com,hsag.com,
,,webmaster@wiv-apotheker.de,wiv-apotheker.de,
,,webmaster@jugendinnovativ.at,jugendinnovativ.at,
,,webmaster@moremicro.com,moremicro.com,
,,webmaster@kinder-kleding.nl,kinder-kleding.nl,
,,webmaster@momsfavoritestuff.com,momsfavoritestuff.com,
,,webmaster@fantastica-pomeranian.cz,fantastica-pomeranian.cz,
,,webmaster@supergirl.tv,supergirl.tv,
,,webmaster@hoevedemeijsberg.nl,hoevedemeijsberg.nl,
,,webmaster@amrmoto.com,amrmoto.com,
,,webmaster@blaafall.no,blaafall.no,
,,webmaster@myjmcfilms.com,myjmcfilms.com,
,,webmaster@smproths.org,smproths.org,
,,webmaster@residenceverdeblu.it,residenceverdeblu.it,
,,webmaster@ukauctioneers.com,ukauctioneers.com,
,,webmaster@as-tor.pl,as-tor.pl,
,,webmaster@colabti.org,colabti.org,
,,webmaster@gymshoesmusic.com,gymshoesmusic.com,
,,webmaster@intelligentvaegttab.dk,intelligentvaegttab.dk,
,,webmaster@edkal.com,edkal.com,
,,webmaster@kremerhv.de,kremerhv.de,
,,webmaster@padev.nl,padev.nl,
,,webmaster@tvpcommunications.com,tvpcommunications.com,
,,webmaster@kannuksenlihakauppa.fi,kannuksenlihakauppa.fi,
,,webmaster@haircutmene126thcarmelin.com,haircutmene126thcarmelin.com,
,,webmaster@olivertheworld.com,olivertheworld.com,
,,webmaster@functionalmedicinesite.com,functionalmedicinesite.com,
,,webmaster@jwfltd.com,jwfltd.com,
,,webmaster@punjabinfoline.com,punjabinfoline.com,
,,webmaster@bartonleclayparishcouncil.com,bartonleclayparishcouncil.com,
,,webmaster@truequeshop.es,truequeshop.es,
,,webmaster@buy-xiaomi.com,buy-xiaomi.com,
,,webmaster@thirdmondaytradedays.com,thirdmondaytradedays.com,
,,webmaster@asessippibeach.com,asessippibeach.com,
,,webmaster@cefiac.fr,cefiac.fr,
,,webmaster@hoogervorstmakelaardij.nl,hoogervorstmakelaardij.nl,
,,webmaster@isabelle-blanchard-avocats.fr,isabelle-blanchard-avocats.fr,
,,webmaster@starmedianusantara.com,starmedianusantara.com,
,,webmaster@domainedelacoudouliere.com,domainedelacoudouliere.com,
,,webmaster@campstyle.jp,campstyle.jp,
,,webmaster@rouwcenter.eu,rouwcenter.eu,
,,webmaster@sinyol.org,sinyol.org,
,,webmaster@seikatsuhonpo.com,seikatsuhonpo.com,
,,webmaster@acceleratebrevard.com,acceleratebrevard.com,
,,webmaster@deannesmith.com,deannesmith.com,
,,webmaster@slackorama.com,slackorama.com,
,,webmaster@doitenfanpage.info,doitenfanpage.info,
,,webmaster@ortakaraba.com,ortakaraba.com,
,,webmaster@catfishedge.com,catfishedge.com,
,,webmaster@fatherdaughterbookclub.com,fatherdaughterbookclub.com,
,,webmaster@enterabio.com,enterabio.com,
,,webmaster@elmertoft-foto.se,elmertoft-foto.se,
,,webmaster@thegkgroup.com,thegkgroup.com,
,,webmaster@riesbrothers.com,riesbrothers.com,
,,webmaster@kaufmannspirits.com,kaufmannspirits.com,
,,webmaster@rentaboat.net,rentaboat.net,
,,webmaster@xn--b1ajehof.xn--80asehdb,xn--b1ajehof.xn--80asehdb,
,,webmaster@vfassembly.org,vfassembly.org,
,,webmaster@lineaverdepalasderei.es,lineaverdepalasderei.es,
,,webmaster@dat.net,dat.net,
,,webmaster@chiorinotechnology.com,chiorinotechnology.com,
,,webmaster@studium-schweiz.ch,studium-schweiz.ch,
,,webmaster@xn--u8jya2lu06k4lkk2dc6be37ep5yc.xyz,xn--u8jya2lu06k4lkk2dc6be37ep5yc.xyz,
,,webmaster@danroberts.com,danroberts.com,
,,webmaster@sprc.ru,sprc.ru,
,,webmaster@diekraeftigenmaenner.de,diekraeftigenmaenner.de,
,,webmaster@psychoterapie-tyl.cz,psychoterapie-tyl.cz,
,,webmaster@sibaritasgrow.es,sibaritasgrow.es,
,,webmaster@hibook.me,hibook.me,
,,webmaster@xn--eck3a2bze7gz54q2elp6m.com,xn--eck3a2bze7gz54q2elp6m.com,
,,webmaster@kwiaciarnia-kamionki.pl,kwiaciarnia-kamionki.pl,
,,webmaster@soft-hard-ritsumei.jp,soft-hard-ritsumei.jp,
,,webmaster@wallenberg.com,wallenberg.com,
,,webmaster@allthingslovedblog.com,allthingslovedblog.com,
,,webmaster@nyaprs.org,nyaprs.org,
,,webmaster@skywirecash.com,skywirecash.com,
,,webmaster@envisagecloud.com,envisagecloud.com,
,,webmaster@wraps-wrexham.org,wraps-wrexham.org,
,,webmaster@martania.com,martania.com,
,,webmaster@b2-4ac.info,b2-4ac.info,
,,webmaster@d3v0.de,d3v0.de,
,,webmaster@lakemerrittdental.com,lakemerrittdental.com,
,,webmaster@obukhiv.info,obukhiv.info,
,,webmaster@penzalpu.ru,penzalpu.ru,
,,webmaster@toyota-harth-heustreu.de,toyota-harth-heustreu.de,
,,webmaster@pinjamanuangbandung.net,pinjamanuangbandung.net,
,,webmaster@tchakayiti.com,tchakayiti.com,
,,webmaster@softwaretestingtraininginchennai.com,softwaretestingtraininginchennai.com,
,,webmaster@despreseriale.online,despreseriale.online,
,,webmaster@thespiritualbloke.com,thespiritualbloke.com,
,,webmaster@bibishmumbu.com,bibishmumbu.com,
,,webmaster@code347.com,code347.com,
,,webmaster@onevoicenow.org,onevoicenow.org,
,,webmaster@famobiotech.com,famobiotech.com,
,,webmaster@berardway.com,berardway.com,
,,webmaster@servia.fi,servia.fi,
,,webmaster@ervedeperman.nl,ervedeperman.nl,
,,webmaster@circusfamily.com,circusfamily.com,
,,webmaster@las-craberes.fr,las-craberes.fr,
,,webmaster@nexcellglobal.com,nexcellglobal.com,
,,webmaster@mousikart.gr,mousikart.gr,
,,webmaster@casopis-ink.cz,casopis-ink.cz,
,,webmaster@iracc.org,iracc.org,
,,webmaster@aneej.org,aneej.org,
,,webmaster@terpuglia.it,terpuglia.it,
,,webmaster@4uchat.ir,4uchat.ir,
,,webmaster@rk-vechta.de,rk-vechta.de,
,,webmaster@dominikafetras.com,dominikafetras.com,
,,webmaster@ds31f3penza.ru,ds31f3penza.ru,
,,webmaster@secondglancephotography.com,secondglancephotography.com,
,,webmaster@hmseb.com,hmseb.com,
,,webmaster@tc-allround.de,tc-allround.de,
,,webmaster@magnumcellars.ca,magnumcellars.ca,
,,webmaster@kosugi-lawoffice.jp,kosugi-lawoffice.jp,
,,webmaster@bermueller-niemeyer.de,bermueller-niemeyer.de,
,,webmaster@rehema.be,rehema.be,
,,webmaster@thaoduocsinhphuong.com,thaoduocsinhphuong.com,
,,webmaster@carrerasguadalajara.com,carrerasguadalajara.com,
,,webmaster@david-moran.com,david-moran.com,
,,webmaster@tooptarinmusic.com,tooptarinmusic.com,
,,webmaster@voteks.org,voteks.org,
,,webmaster@sxyqkyzzh.com,sxyqkyzzh.com,
,,webmaster@minogashi-vod.work,minogashi-vod.work,
,,webmaster@dpunilab.by,dpunilab.by,
,,webmaster@mydogannet.com,mydogannet.com,
,,webmaster@eski.jp,eski.jp,
,,webmaster@twohungrypeople.com,twohungrypeople.com,
,,webmaster@georgeschlesinger.org,georgeschlesinger.org,
,,webmaster@caminosantiagoroncesvalles.com,caminosantiagoroncesvalles.com,
,,webmaster@ecogood.de,ecogood.de,
,,webmaster@ilcircolo.be,ilcircolo.be,
,,webmaster@friendlydb.com,friendlydb.com,
,,webmaster@buddhaweekly.com,buddhaweekly.com,
,,webmaster@transcendentcounsel.com,transcendentcounsel.com,
,,webmaster@hd-west.com,hd-west.com,
,,webmaster@studiostyle.jp,studiostyle.jp,
,,webmaster@gazipasaflughafen-transfer.com,gazipasaflughafen-transfer.com,
,,webmaster@medizentrum-neumann.de,medizentrum-neumann.de,
,,webmaster@sigintos.com,sigintos.com,
,,webmaster@merad.nl,merad.nl,
,,webmaster@sinclairsfurnitureandappliance.com,sinclairsfurnitureandappliance.com,
,,webmaster@wvrosandehoogte.nl,wvrosandehoogte.nl,
,,webmaster@tablakatabla.com,tablakatabla.com,
,,webmaster@aerialyogateachertraining.com,aerialyogateachertraining.com,
,,webmaster@taakeinsuranceagency.com,taakeinsuranceagency.com,
,,webmaster@charpente-peltier.fr,charpente-peltier.fr,
,,webmaster@cckk.com,cckk.com,
,,webmaster@ttmath.org,ttmath.org,
,,webmaster@radomira.ru,radomira.ru,
,,webmaster@zona531.by,zona531.by,
,,webmaster@7serials.ru,7serials.ru,
,,webmaster@familiemariens.org,familiemariens.org,
,,webmaster@dronehubmedia.com,dronehubmedia.com,
,,webmaster@customlandscapeandirrigationinc.com,customlandscapeandirrigationinc.com,
,,webmaster@innosolar.cn,innosolar.cn,
,,webmaster@livinghopemd.com,livinghopemd.com,
,,webmaster@navigointivaruste.fi,navigointivaruste.fi,
,,webmaster@degolf.org,degolf.org,
,,webmaster@hemasehsiyasi.com,hemasehsiyasi.com,
,,webmaster@shopping-seen.ch,shopping-seen.ch,
,,webmaster@erzieherspickzettel.de,erzieherspickzettel.de,
,,webmaster@aliejus.com,aliejus.com,
,,webmaster@resoundingpower.com,resoundingpower.com,
,,webmaster@softsunday.com,softsunday.com,
,,webmaster@bettendorfjobs.com,bettendorfjobs.com,
,,webmaster@allamericanstoneandturf.com,allamericanstoneandturf.com,
,,webmaster@elettrotecnicaventurini.com,elettrotecnicaventurini.com,
,,webmaster@geekandgorgeous.hu,geekandgorgeous.hu,
,,webmaster@expedition-media.com,expedition-media.com,
,,webmaster@metodo-solere.com,metodo-solere.com,
,,webmaster@acbpinc.org,acbpinc.org,
,,webmaster@estradasdeportugal.pt,estradasdeportugal.pt,
,,webmaster@heurigenkrustetten.at,heurigenkrustetten.at,
,,webmaster@mihor.sk,mihor.sk,
,,webmaster@areollub.com,areollub.com,
,,webmaster@learning-animals.org,learning-animals.org,
,,webmaster@larutalifestyle.com,larutalifestyle.com,
,,webmaster@bethmarlin.com,bethmarlin.com,
,,webmaster@navajopost.org,navajopost.org,
,,webmaster@lucindalanthier.ca,lucindalanthier.ca,
,,webmaster@eshop.is,eshop.is,
,,webmaster@escortguangzhou.cn,escortguangzhou.cn,
,,webmaster@zhiyuew.com,zhiyuew.com,
,,webmaster@delcinealhospital.com,delcinealhospital.com,
,,webmaster@valleks.ru,valleks.ru,
,,webmaster@thedogparty.co,thedogparty.co,
,,webmaster@alanmalavoltilaw.com,alanmalavoltilaw.com,
,,webmaster@prijsreus.nl,prijsreus.nl,
,,webmaster@festivalvajouerdehors.com,festivalvajouerdehors.com,
,,webmaster@nakineko.com,nakineko.com,
,,webmaster@kapellbruecke-luzern.ch,kapellbruecke-luzern.ch,
,,webmaster@catjokes.net,catjokes.net,
,,webmaster@tlrmagyarorszag.hu,tlrmagyarorszag.hu,
,,webmaster@pongfu.com,pongfu.com,
,,webmaster@sanaburi.net,sanaburi.net,
,,webmaster@lesvillagestinchebrayens.fr,lesvillagestinchebrayens.fr,
,,webmaster@gemeinde-windbergen.de,gemeinde-windbergen.de,
,,webmaster@robinspano.com,robinspano.com,
,,webmaster@betterbayarea.org,betterbayarea.org,
,,webmaster@churchinlakeforest.org,churchinlakeforest.org,
,,webmaster@elsinoresearch.com,elsinoresearch.com,
,,webmaster@smakelijk-catering.nl,smakelijk-catering.nl,
,,webmaster@meltour.com,meltour.com,
,,webmaster@agatianna.com,agatianna.com,
,,webmaster@hybridbizadvisors.com,hybridbizadvisors.com,
,,webmaster@intour-khabarovsk.com,intour-khabarovsk.com,
,,webmaster@rearviewsystem.net,rearviewsystem.net,
,,webmaster@wevelgem.be,wevelgem.be,
,,webmaster@lucasperez.org,lucasperez.org,
,,webmaster@xn--2sx885cj6e.biz,xn--2sx885cj6e.biz,
,,webmaster@blockchaingames.kr,blockchaingames.kr,
,,webmaster@neuer.at,neuer.at,
,,webmaster@tuinmeubelenonline.be,tuinmeubelenonline.be,
,,webmaster@buythistoday.info,buythistoday.info,
,,webmaster@dennybros.fr,dennybros.fr,
,,webmaster@tuneupsuccess.com,tuneupsuccess.com,
,,webmaster@hanoilasiestadiamondhotel.com,hanoilasiestadiamondhotel.com,
,,webmaster@americansafetydist.com,americansafetydist.com,
,,webmaster@j2grp.com,j2grp.com,
,,webmaster@kinderundjugendchor.de,kinderundjugendchor.de,
,,webmaster@bjbrickwork.com,bjbrickwork.com,
,,webmaster@comel.com,comel.com,
,,webmaster@benevolens.de,benevolens.de,
,,webmaster@engagetherapy.com,engagetherapy.com,
,,webmaster@northbaysymphony.org,northbaysymphony.org,
,,webmaster@pustakalu.com,pustakalu.com,
,,webmaster@milliondeal.biz,milliondeal.biz,
,,webmaster@rxtxzz.com,rxtxzz.com,
,,webmaster@reumpleri-cartuse.ro,reumpleri-cartuse.ro,
,,webmaster@bipmp3.net,bipmp3.net,
,,webmaster@it-sa.de,it-sa.de,
,,webmaster@my-newzealand.blog,my-newzealand.blog,
,,webmaster@teatrelamassa.cat,teatrelamassa.cat,
,,webmaster@aev.is,aev.is,
,,webmaster@reviewgangsta.com,reviewgangsta.com,
,,webmaster@komnatasmerti.info,komnatasmerti.info,
,,webmaster@eroman-ga.com,eroman-ga.com,
,,webmaster@wildflowerbrands.co,wildflowerbrands.co,
,,webmaster@ekremdemirli.com,ekremdemirli.com,
,,webmaster@thaitgri.org,thaitgri.org,
,,webmaster@ironcreeper.com,ironcreeper.com,
,,webmaster@stiffarm.com,stiffarm.com,
,,webmaster@betonplusz.hu,betonplusz.hu,
,,webmaster@jdoubleu.net,jdoubleu.net,
,,webmaster@gledanet.hu,gledanet.hu,
,,webmaster@theckpgroup.com,theckpgroup.com,
,,webmaster@quotemyrig.com,quotemyrig.com,
,,webmaster@kimheintz.com,kimheintz.com,
,,webmaster@placebo.hr,placebo.hr,
,,webmaster@baserriberri.com,baserriberri.com,
,,webmaster@tabasalujk.ee,tabasalujk.ee,
,,webmaster@medteory.ru,medteory.ru,
,,webmaster@cayhoagiay.com,cayhoagiay.com,
,,webmaster@ramypasparty.cz,ramypasparty.cz,
,,webmaster@cqhaobi.com,cqhaobi.com,
,,webmaster@sausage.com,sausage.com,
,,webmaster@qmd4.com,qmd4.com,
,,webmaster@joshscustomwhips.com,joshscustomwhips.com,
,,webmaster@mecburkalanlar.com,mecburkalanlar.com,
,,webmaster@camtrace.com,camtrace.com,
,,webmaster@owensfinancialgroup.net,owensfinancialgroup.net,
,,webmaster@iasdcoimbra.tv,iasdcoimbra.tv,
,,webmaster@utrink.com,utrink.com,
,,webmaster@norskbokforlag.no,norskbokforlag.no,
,,webmaster@jeffthorpe.ca,jeffthorpe.ca,
,,webmaster@gaerd-story.de,gaerd-story.de,
,,webmaster@nhahangminhkhue.com,nhahangminhkhue.com,
,,webmaster@newambient.com,newambient.com,
,,webmaster@secretsofspace.com,secretsofspace.com,
,,webmaster@kanzlei-bagdassarov.de,kanzlei-bagdassarov.de,
,,webmaster@colinar.de,colinar.de,
,,webmaster@fadedbutdesiredtreasures.com,fadedbutdesiredtreasures.com,
,,webmaster@seanlaurenz.com,seanlaurenz.com,
,,webmaster@appleboxdesignstudio.com,appleboxdesignstudio.com,
,,webmaster@e-tokka.com,e-tokka.com,
,,webmaster@ajedrez.ru,ajedrez.ru,
,,webmaster@careycrooker.com,careycrooker.com,
,,webmaster@drnguyenviet.com,drnguyenviet.com,
,,webmaster@wintergardens.com,wintergardens.com,
,,webmaster@owspdukw.cn,owspdukw.cn,
,,webmaster@tirolensisarsvini.it,tirolensisarsvini.it,
,,webmaster@opensuse-lernen.de,opensuse-lernen.de,
,,webmaster@ferreteriaonlinevtc.com,ferreteriaonlinevtc.com,
,,webmaster@eyecandyinfographic.com,eyecandyinfographic.com,
,,webmaster@thisbadasslife.com,thisbadasslife.com,
,,webmaster@nathalie-bastian.fr,nathalie-bastian.fr,
,,webmaster@majalahpokeronline.com,majalahpokeronline.com,
,,webmaster@champagneattitude.com,champagneattitude.com,
,,webmaster@ifa-germany.de,ifa-germany.de,
,,webmaster@gg0851.cn,gg0851.cn,
,,webmaster@run-feet.com,run-feet.com,
,,webmaster@dooh.nl,dooh.nl,
,,webmaster@mto888.com,mto888.com,
,,webmaster@oturizme.net,oturizme.net,
,,webmaster@montehannah.com,montehannah.com,
,,webmaster@findyka.com,findyka.com,
,,webmaster@countdowntohalloween.com,countdowntohalloween.com,
,,webmaster@chovelon.com,chovelon.com,
,,webmaster@therussianreader.com,therussianreader.com,
,,webmaster@parveendua.com,parveendua.com,
,,webmaster@vff-barbara.de,vff-barbara.de,
,,webmaster@itsmobilitasostenibile.it,itsmobilitasostenibile.it,
,,webmaster@pizzeria-zell.de,pizzeria-zell.de,
,,webmaster@jessicatornese.com,jessicatornese.com,
,,webmaster@ilnazionale.info,ilnazionale.info,
,,webmaster@idolpb.com,idolpb.com,
,,webmaster@triqa.in,triqa.in,
,,webmaster@castanuelas.net,castanuelas.net,
,,webmaster@jnlgjd.cn,jnlgjd.cn,
,,webmaster@whenwerv.com,whenwerv.com,
,,webmaster@vapenmekaniska.se,vapenmekaniska.se,
,,webmaster@willmontgomery.art,willmontgomery.art,
,,webmaster@gitekalinka.fr,gitekalinka.fr,
,,webmaster@chemtrade.ir,chemtrade.ir,
,,webmaster@micrositepro.fr,micrositepro.fr,
,,webmaster@logitpro.com,logitpro.com,
,,webmaster@zasovzavesa-glazok.icu,zasovzavesa-glazok.icu,
,,webmaster@22222gh.com,22222gh.com,
,,webmaster@maxwire.net,maxwire.net,
,,webmaster@konekoresearch.com,konekoresearch.com,
,,webmaster@vittoriasacca.it,vittoriasacca.it,
,,webmaster@ks21.de,ks21.de,
,,webmaster@autocaravanesmontseny.cat,autocaravanesmontseny.cat,
,,webmaster@creativeprojectfoundation.com,creativeprojectfoundation.com,
,,webmaster@xn--80aab6agasuihr7bzh.xn--p1ai,xn--80aab6agasuihr7bzh.xn--p1ai,
,,webmaster@washingtonfamilyortho.com,washingtonfamilyortho.com,
,,webmaster@mvb-online.com,mvb-online.com,
,,webmaster@randallwagner.com,randallwagner.com,
,,webmaster@dshi2nt.ru,dshi2nt.ru,
,,webmaster@zenest.pro,zenest.pro,
,,webmaster@mypochki.ru,mypochki.ru,
,,webmaster@casterama.com,casterama.com,
,,webmaster@usanews.one,usanews.one,
,,webmaster@la-case-a-philo.fr,la-case-a-philo.fr,
,,webmaster@labakiekazino.lv,labakiekazino.lv,
,,webmaster@darkroom.ovh,darkroom.ovh,
,,webmaster@newspakistan.tv,newspakistan.tv,
,,webmaster@safehome.su,safehome.su,
,,webmaster@omarbriones.com,omarbriones.com,
,,webmaster@sentierdescostieres.fr,sentierdescostieres.fr,
,,webmaster@chakalou-creation-recyc-l.com,chakalou-creation-recyc-l.com,
,,webmaster@forzatreviso.tk,forzatreviso.tk,
,,webmaster@miklm.com,miklm.com,
,,webmaster@electroniccorp.sn,electroniccorp.sn,
,,webmaster@houseofenki.com,houseofenki.com,
,,webmaster@healthcarereforminsider.com,healthcarereforminsider.com,
,,webmaster@cjw.org,cjw.org,
,,webmaster@macbooklet.com,macbooklet.com,
,,webmaster@bsv-stade.de,bsv-stade.de,
,,webmaster@paulhansellfoundation.com,paulhansellfoundation.com,
,,webmaster@smac.de,smac.de,
,,webmaster@dominicnocera.com,dominicnocera.com,
,,webmaster@sugardaddygay.com,sugardaddygay.com,
,,webmaster@mongre.org,mongre.org,
,,webmaster@trantrungdao.com,trantrungdao.com,
,,webmaster@landgasthof-struckum.de,landgasthof-struckum.de,
,,webmaster@salthaus.co,salthaus.co,
,,webmaster@mondaycatalog.com,mondaycatalog.com,
,,webmaster@shopsimplyswanky.com,shopsimplyswanky.com,
,,webmaster@nepmuveszetmesterei.hu,nepmuveszetmesterei.hu,
,,webmaster@napfe.com,napfe.com,
,,webmaster@magintegration.com,magintegration.com,
,,webmaster@photographie-grand-paris.fr,photographie-grand-paris.fr,
,,webmaster@e-sapuri.com,e-sapuri.com,
,,webmaster@sondhan.com,sondhan.com,
,,webmaster@prenatalpediatrics.org,prenatalpediatrics.org,
,,webmaster@jazzageclub.com,jazzageclub.com,
,,webmaster@gunnar-schuberth.de,gunnar-schuberth.de,
,,webmaster@easywebdigital.com,easywebdigital.com,
,,webmaster@kumsalnakliyat.com,kumsalnakliyat.com,
,,webmaster@paudalmau.es,paudalmau.es,
,,webmaster@bookfreecaz.com,bookfreecaz.com,
,,webmaster@greendaypolska.pl,greendaypolska.pl,
,,webmaster@tirol.camp,tirol.camp,
,,webmaster@cronaca.news,cronaca.news,
,,webmaster@spectacles-animations.com,spectacles-animations.com,
,,webmaster@sanjuanpekin.com,sanjuanpekin.com,
,,webmaster@plantation-properties.com,plantation-properties.com,
,,webmaster@daiichi-kanko.cc,daiichi-kanko.cc,
,,webmaster@thepurrfectcup.com,thepurrfectcup.com,
,,webmaster@unichospitality.com,unichospitality.com,
,,webmaster@stillnn.ru,stillnn.ru,
,,webmaster@jn24.it,jn24.it,
,,webmaster@offenes-jena.de,offenes-jena.de,
,,webmaster@bladerbeer.nl,bladerbeer.nl,
,,webmaster@themagicalclean.com,themagicalclean.com,
,,webmaster@almazburstroy.ru,almazburstroy.ru,
,,webmaster@womenindisplacement.org,womenindisplacement.org,
,,webmaster@oficinalegaldeaccidentes.com,oficinalegaldeaccidentes.com,
,,webmaster@piuminidanesi.com,piuminidanesi.com,
,,webmaster@ubin-net.jp,ubin-net.jp,
,,webmaster@crazycookinglady.com,crazycookinglady.com,
,,webmaster@gilletteveterinarian.com,gilletteveterinarian.com,
,,webmaster@msmalika.cz,msmalika.cz,
,,webmaster@glosrasac.org,glosrasac.org,
,,webmaster@shop1.jp,shop1.jp,
,,webmaster@roadman.jp,roadman.jp,
,,webmaster@coppertopdental.com,coppertopdental.com,
,,webmaster@alberovolante.it,alberovolante.it,
,,webmaster@pinturaydecoraciongranaadeje.es,pinturaydecoraciongranaadeje.es,
,,webmaster@horpacs.hu,horpacs.hu,
,,webmaster@dazz.fr,dazz.fr,
,,webmaster@praxis-linsbichler.at,praxis-linsbichler.at,
,,webmaster@tubbyworks.com,tubbyworks.com,
,,webmaster@igcsecentre.com,igcsecentre.com,
,,webmaster@alishasheffey.com,alishasheffey.com,
,,webmaster@carhow.net,carhow.net,
,,webmaster@casimages.it,casimages.it,
,,webmaster@verreeglomisenola.com,verreeglomisenola.com,
,,webmaster@gizellanyquist.com,gizellanyquist.com,
,,webmaster@navw.org,navw.org,
,,webmaster@polishboysfeet.com,polishboysfeet.com,
,,webmaster@roboleague.bg,roboleague.bg,
,,webmaster@tsday.com,tsday.com,
,,webmaster@rejoynmedical.com,rejoynmedical.com,
,,webmaster@csi.ua,csi.ua,
,,webmaster@knottica.gr,knottica.gr,
,,webmaster@krugmancpa.com,krugmancpa.com,
,,webmaster@fdp-wolfsburg.de,fdp-wolfsburg.de,
,,webmaster@projectteamintegration.com,projectteamintegration.com,
,,webmaster@ecole-cheval-vendee.fr,ecole-cheval-vendee.fr,
,,webmaster@ashar.org,ashar.org,
,,webmaster@domke-parkett.de,domke-parkett.de,
,,webmaster@zenaholloway.com,zenaholloway.com,
,,webmaster@centralapotheke.de,centralapotheke.de,
,,webmaster@barriere-bebe.com,barriere-bebe.com,
,,webmaster@ggs-medinghoven.de,ggs-medinghoven.de,
,,webmaster@sprx.kr,sprx.kr,
,,webmaster@jandlseeds.com,jandlseeds.com,
,,webmaster@youni.la,youni.la,
,,webmaster@ferettirus.ru,ferettirus.ru,
,,webmaster@elmax.pro,elmax.pro,
,,webmaster@studiomedlab.nl,studiomedlab.nl,
,,webmaster@giegroup.cn,giegroup.cn,
,,webmaster@lhatrails.org,lhatrails.org,
,,webmaster@hope-orphans.org,hope-orphans.org,
,,webmaster@bengilliland.com,bengilliland.com,
,,webmaster@tsuufu.com,tsuufu.com,
,,webmaster@zechangfu.com,zechangfu.com,
,,webmaster@catharinelowe.com,catharinelowe.com,
,,webmaster@flashterra.ru,flashterra.ru,
,,webmaster@belmormortgage.com,belmormortgage.com,
,,webmaster@goodsee.cc,goodsee.cc,
,,webmaster@asesoremprendedor.com,asesoremprendedor.com,
,,webmaster@snalcrennes.org,snalcrennes.org,
,,webmaster@lungenpraxis-ab.de,lungenpraxis-ab.de,
,,webmaster@inoveit.com,inoveit.com,
,,webmaster@thepintandbrew.com,thepintandbrew.com,
,,webmaster@arcasbaiz.com,arcasbaiz.com,
,,webmaster@fiorisflowers.com,fiorisflowers.com,
,,webmaster@maccadin.com,maccadin.com,
,,webmaster@mackiedental.com,mackiedental.com,
,,webmaster@verkehrsverein-buchs.ch,verkehrsverein-buchs.ch,
,,webmaster@allegriallergia.org,allegriallergia.org,
,,webmaster@yourimmigrationattorneys.com,yourimmigrationattorneys.com,
,,webmaster@sxpolitics.org,sxpolitics.org,
,,webmaster@landskap.ch,landskap.ch,
,,webmaster@belithe.com,belithe.com,
,,webmaster@hnhdzx.com,hnhdzx.com,
,,webmaster@parityprojects.com,parityprojects.com,
,,webmaster@boycottus.net,boycottus.net,
,,webmaster@mardyanderson.com,mardyanderson.com,
,,webmaster@aquatrx.com,aquatrx.com,
,,webmaster@limuzinkiralama.com,limuzinkiralama.com,
,,webmaster@185przedszkole.pl,185przedszkole.pl,
,,webmaster@gmacademy.eu,gmacademy.eu,
,,webmaster@superboss.info,superboss.info,
,,webmaster@probul.fr,probul.fr,
,,webmaster@gendertalent.nl,gendertalent.nl,
,,webmaster@reiterhof-lueneburger-heide.de,reiterhof-lueneburger-heide.de,
,,webmaster@richmondhonan.com,richmondhonan.com,
,,webmaster@mobili-t.com,mobili-t.com,
,,webmaster@delta-gruppe.de,delta-gruppe.de,
,,webmaster@techsearchonline.com,techsearchonline.com,
,,webmaster@danielr-photography.com,danielr-photography.com,
,,webmaster@milin.net,milin.net,
,,webmaster@arbutuspress.com,arbutuspress.com,
,,webmaster@mstenergy.it,mstenergy.it,
,,webmaster@pakarcreative.com,pakarcreative.com,
,,webmaster@babybasketcompany.com,babybasketcompany.com,
,,webmaster@autolakkservice.no,autolakkservice.no,
,,webmaster@pathologyatlas.net,pathologyatlas.net,
,,webmaster@germotor.es,germotor.es,
,,webmaster@loveamen-magazine.com,loveamen-magazine.com,
,,webmaster@zacharythayer.net,zacharythayer.net,
,,webmaster@cdu-fraktion-niedersachsen.de,cdu-fraktion-niedersachsen.de,
,,webmaster@xionggepyh.com,xionggepyh.com,
,,webmaster@internationalsupplements.com,internationalsupplements.com,
,,webmaster@daytona500stream.com,daytona500stream.com,
,,webmaster@bevillandassociates.com,bevillandassociates.com,
,,webmaster@bladezone.cz,bladezone.cz,
,,webmaster@parmalat.it,parmalat.it,
,,webmaster@srs-potolki.ru,srs-potolki.ru,
,,webmaster@marcoloman.com,marcoloman.com,
,,webmaster@yuxuan88.com,yuxuan88.com,
,,webmaster@mojatureckakuchyna.com,mojatureckakuchyna.com,
,,webmaster@butor-szerelveny.hu,butor-szerelveny.hu,
,,webmaster@zn-staffy.ru,zn-staffy.ru,
,,webmaster@rizhaohome.com,rizhaohome.com,
,,webmaster@pornoforwomen.com,pornoforwomen.com,
,,webmaster@nostalgyradio.cz,nostalgyradio.cz,
,,webmaster@wp-design.jp,wp-design.jp,
,,webmaster@terredemontaigne.fr,terredemontaigne.fr,
,,webmaster@hokorijuku.com,hokorijuku.com,
,,webmaster@wildscreen.de,wildscreen.de,
,,webmaster@kitchen-umi.jp,kitchen-umi.jp,
,,webmaster@bogimac.com,bogimac.com,
,,webmaster@leathermag.com,leathermag.com,
,,webmaster@aso48.com,aso48.com,
,,webmaster@bvisio.com,bvisio.com,
,,webmaster@prohomestores.com,prohomestores.com,
,,webmaster@italianadesign.it,italianadesign.it,
,,webmaster@yusi.tv,yusi.tv,
,,webmaster@approachingx.com,approachingx.com,
,,webmaster@hijosdigitales.es,hijosdigitales.es,
,,webmaster@southcoastshingle.com,southcoastshingle.com,
,,webmaster@movieth-hd.com,movieth-hd.com,
,,webmaster@bagira-laser.ru,bagira-laser.ru,
,,webmaster@familie-walther.eu,familie-walther.eu,
,,webmaster@hustlehearted.com,hustlehearted.com,
,,webmaster@royalsamajavillas.com,royalsamajavillas.com,
,,webmaster@thecupcakeryonline.com,thecupcakeryonline.com,
,,webmaster@golperu.pe,golperu.pe,
,,webmaster@movalleyrockclub.com,movalleyrockclub.com,
,,webmaster@thiepcuoigiahy.com,thiepcuoigiahy.com,
,,webmaster@shiaikaratedo.at,shiaikaratedo.at,
,,webmaster@infobizfree.ru,infobizfree.ru,
,,webmaster@bepis.online,bepis.online,
,,webmaster@guillaumelecerf.fr,guillaumelecerf.fr,
,,webmaster@toppetshop.ro,toppetshop.ro,
,,webmaster@bipolarmalta.org,bipolarmalta.org,
,,webmaster@restauracjadworek.pl,restauracjadworek.pl,
,,webmaster@worldindoorcricketfederation.com,worldindoorcricketfederation.com,
,,webmaster@open-datapool.de,open-datapool.de,
,,webmaster@thewritingcampus.com,thewritingcampus.com,
,,webmaster@feelingdogeducateurcanin60.com,feelingdogeducateurcanin60.com,
,,webmaster@mokusotreatments.com,mokusotreatments.com,
,,webmaster@o-rainbow.com,o-rainbow.com,
,,webmaster@craniodad.com,craniodad.com,
,,webmaster@blowermotorresistor.biz,blowermotorresistor.biz,
,,webmaster@fonds-antizyklik-sjb.de,fonds-antizyklik-sjb.de,
,,webmaster@cf-shinshu.jp,cf-shinshu.jp,
,,webmaster@suchthilfe-mv.de,suchthilfe-mv.de,
,,webmaster@thelaserimagecompany.com,thelaserimagecompany.com,
,,webmaster@iberdrolarenovablesenergia.com,iberdrolarenovablesenergia.com,
,,webmaster@starcompany.ca,starcompany.ca,
,,webmaster@fisco24.info,fisco24.info,
,,webmaster@blue-wind.net,blue-wind.net,
,,webmaster@mapaeducacao.com,mapaeducacao.com,
,,webmaster@shilun.net,shilun.net,
,,webmaster@ehlinsurance.com,ehlinsurance.com,
,,webmaster@historicwaynesborough.org,historicwaynesborough.org,
,,webmaster@tissuegnostics.cn,tissuegnostics.cn,
,,webmaster@praviva.it,praviva.it,
,,webmaster@sjsheriffsfoundation.org,sjsheriffsfoundation.org,
,,webmaster@in-quattro.com,in-quattro.com,
,,webmaster@beachdag.nl,beachdag.nl,
,,webmaster@janetfouts.com,janetfouts.com,
,,webmaster@claymontstoneschool.org,claymontstoneschool.org,
,,webmaster@pontenvalor.com,pontenvalor.com,
,,webmaster@jasa-backlink.net,jasa-backlink.net,
,,webmaster@220ln.ru,220ln.ru,
,,webmaster@one-contact.de,one-contact.de,
,,webmaster@cespo.nl,cespo.nl,
,,webmaster@xilinmenclub.com,xilinmenclub.com,
,,webmaster@inkorpore.com,inkorpore.com,
,,webmaster@bogdanpantoc.ro,bogdanpantoc.ro,
,,webmaster@visionsbiz-online.com,visionsbiz-online.com,
,,webmaster@rainhard-fendrich-shop.at,rainhard-fendrich-shop.at,
,,webmaster@blityri.it,blityri.it,
,,webmaster@causeforcanines.org,causeforcanines.org,
,,webmaster@krakowtravel.com,krakowtravel.com,
,,webmaster@vseanekdoty.ru,vseanekdoty.ru,
