hjrcar.pt,webmaster@hjrcar.pt,true
pole-aliments-sante.com,webmaster@pole-aliments-sante.com,true
laurajaklitsch.com,webmaster@laurajaklitsch.com,true
vanderavoort.nl,webmaster@vanderavoort.nl,true
cannadeus.com,webmaster@cannadeus.com,true
udlamps.com,webmaster@udlamps.com,true
veronyka.com,webmaster@veronyka.com,true
ontargetagency.com,webmaster@ontargetagency.com,true
riverfallslodging.com,webmaster@riverfallslodging.com,true
mattressdepottx.com,webmaster@mattressdepottx.com,true
courierpostonline.com,webmaster@courierpostonline.com,true
getkidstuff.com,webmaster@getkidstuff.com,true
elegantsilverandstones.com,webmaster@elegantsilverandstones.com,true
anaalnathrakhstore.com,webmaster@anaalnathrakhstore.com,true
mitek.ru,webmaster@mitek.ru,true
gundogshow.nl,webmaster@gundogshow.nl,true
pyrus.london,webmaster@pyrus.london,true
mobscores.net,webmaster@mobscores.net,true
evijalaivina.com,webmaster@evijalaivina.com,true
trimetal.nl,webmaster@trimetal.nl,true
informaticapareja.es,webmaster@informaticapareja.es,true
giftshowbox.com,webmaster@giftshowbox.com,true
good-chiropractic.com,webmaster@good-chiropractic.com,true
acustom.com,webmaster@acustom.com,true
shopthekei.com,webmaster@shopthekei.com,true
kimandproper.com,webmaster@kimandproper.com,true
animetee.com,webmaster@animetee.com,true
acutabovetreeservicemichiana.com,webmaster@acutabovetreeservicemichiana.com,true
macalat.com,webmaster@macalat.com,true
byharmoni.com,webmaster@byharmoni.com,true
tradeupcontract.com,webmaster@tradeupcontract.com,true
iamjmason.com,webmaster@iamjmason.com,true
smvideodownloader.com,webmaster@smvideodownloader.com,true
benefisc.be,webmaster@benefisc.be,true
prabhatwires.in,webmaster@prabhatwires.in,true
achzodcoaching.com,webmaster@achzodcoaching.com,true
tarkarlidevbagseasandhomestay.com,webmaster@tarkarlidevbagseasandhomestay.com,true
debe.is,webmaster@debe.is,true
seymoursolar.com,webmaster@seymoursolar.com,true
nxtgn.de,webmaster@nxtgn.de,true
maxxstocks.com,webmaster@maxxstocks.com,true
vintagetotts.com,webmaster@vintagetotts.com,true
krecafeed.nl,webmaster@krecafeed.nl,true
manoirfrancois1er.com,webmaster@manoirfrancois1er.com,true
fotovlad.ru,webmaster@fotovlad.ru,true
perfectiontubntile.com,webmaster@perfectiontubntile.com,true
loveyuna.org,webmaster@loveyuna.org,true
uvex-safety.ru,webmaster@uvex-safety.ru,true
lovci-a-obeti.cz,webmaster@lovci-a-obeti.cz,true
areasciencepark.it,webmaster@areasciencepark.it,true
kenshin.com,webmaster@kenshin.com,true
ritinfotech.com,webmaster@ritinfotech.com,true
cookingdepot.com,webmaster@cookingdepot.com,true
l1onel.com,webmaster@l1onel.com,true
10tv.in,webmaster@10tv.in,true
cignew.com,webmaster@cignew.com,true
colinrosen.com,webmaster@colinrosen.com,true
getsabaidee.com,webmaster@getsabaidee.com,true
sittr.de,webmaster@sittr.de,true
poas.fi,webmaster@poas.fi,true
xn--80abjdxa2agb.xn--p1ai,webmaster@xn--80abjdxa2agb.xn--p1ai,true
hodocc.com,webmaster@hodocc.com,true
jmonger.com,webmaster@jmonger.com,true
sweet-home.by,webmaster@sweet-home.by,true
gerd-gruhn-fotografie.de,webmaster@gerd-gruhn-fotografie.de,true
esushi.md,webmaster@esushi.md,true
imissyouman.com,webmaster@imissyouman.com,true
findsalestalentcanada.com,webmaster@findsalestalentcanada.com,true
earthcrew2000.org,webmaster@earthcrew2000.org,true
laco-143.com,webmaster@laco-143.com,true
serravision.com,webmaster@serravision.com,true
atlas-secrets.com,webmaster@atlas-secrets.com,true
btw.nl,webmaster@btw.nl,true
electrouralnaladka.ru,webmaster@electrouralnaladka.ru,true
clilyclothing.com,webmaster@clilyclothing.com,true
filmfest-duesseldorf.de,webmaster@filmfest-duesseldorf.de,true
advaitahandicrafts.com,webmaster@advaitahandicrafts.com,true
keithscacao.com,webmaster@keithscacao.com,true
sopi-shop.com,webmaster@sopi-shop.com,true
viveleshop.com,webmaster@viveleshop.com,true
aytre.fr,webmaster@aytre.fr,true
anthonyboyd.graphics,webmaster@anthonyboyd.graphics,true
kehia.org,webmaster@kehia.org,true
imgtour.de,webmaster@imgtour.de,true
ail-violet-cadours.fr,webmaster@ail-violet-cadours.fr,true
koedijkertv.nl,webmaster@koedijkertv.nl,true
bond-diary.jp,webmaster@bond-diary.jp,true
jujube.vn,webmaster@jujube.vn,true
experiencerecovery.com,webmaster@experiencerecovery.com,true
boerkenaas.be,webmaster@boerkenaas.be,true
glturbo.com,webmaster@glturbo.com,true
matarow.com,webmaster@matarow.com,true
ratelki.net,webmaster@ratelki.net,true
peakinvestment.ca,webmaster@peakinvestment.ca,true
thijsen-autoparts.com,webmaster@thijsen-autoparts.com,true
koyama-sendai.com,webmaster@koyama-sendai.com,true
org.sa,webmaster@org.sa,true
kjopenstjerne.no,webmaster@kjopenstjerne.no,true
tersteegs.com,webmaster@tersteegs.com,true
jmtirect.net,webmaster@jmtirect.net,true
teambeautydomination.com,webmaster@teambeautydomination.com,true
yeohlee.com,webmaster@yeohlee.com,true
thearganmarket.com,webmaster@thearganmarket.com,true
bersol.es,webmaster@bersol.es,true
naracodinglabs.com,webmaster@naracodinglabs.com,true
crestron.com,webmaster@crestron.com,true
ink9.com,webmaster@ink9.com,true
alwayscass.com,webmaster@alwayscass.com,true
vapehobby.com,webmaster@vapehobby.com,true
ndattyi.ga,webmaster@ndattyi.ga,true
titoku.ru,webmaster@titoku.ru,true
gavetaglamour.pt,webmaster@gavetaglamour.pt,true
estetica-chirurgia.it,webmaster@estetica-chirurgia.it,true
erikbolding.nl,webmaster@erikbolding.nl,true
joefonda.com,webmaster@joefonda.com,true
210geeks.com,webmaster@210geeks.com,true
theotherdanishguy.eu,webmaster@theotherdanishguy.eu,true
unknownphenom.com,webmaster@unknownphenom.com,true
orangescarf.com,webmaster@orangescarf.com,true
christian-weis.de,webmaster@christian-weis.de,true
yogapaws.com,webmaster@yogapaws.com,true
egschools.org,webmaster@egschools.org,true
aparatecafea-arad.ro,webmaster@aparatecafea-arad.ro,true
ebda2.net,webmaster@ebda2.net,true
baulasrl.com,webmaster@baulasrl.com,true
welcometoastana.kz,webmaster@welcometoastana.kz,true
putzmeister-india.in,webmaster@putzmeister-india.in,true
aufloor.ee,webmaster@aufloor.ee,true
colorgraph.co,webmaster@colorgraph.co,true
debraporterformals.com,webmaster@debraporterformals.com,true
stitchybox.com,webmaster@stitchybox.com,true
la-provence-verte.net,webmaster@la-provence-verte.net,true
sun-off.com,webmaster@sun-off.com,true
mauihomeopathy.com,webmaster@mauihomeopathy.com,true
gakuyu-kai.org,webmaster@gakuyu-kai.org,true
firefly-boutique.com,webmaster@firefly-boutique.com,true
caf2map.com,webmaster@caf2map.com,true
insidecolumbia.net,webmaster@insidecolumbia.net,true
j-kan.com,webmaster@j-kan.com,true
xgielda.pl,webmaster@xgielda.pl,true
philipsled.hk,webmaster@philipsled.hk,true
hillsidewindhoek.com,webmaster@hillsidewindhoek.com,true
maciv.com,webmaster@maciv.com,true
orderofthemess.com,webmaster@orderofthemess.com,true
wynnewood.org,webmaster@wynnewood.org,true
artdepotsutton.com,webmaster@artdepotsutton.com,true
lovelewisham.com,webmaster@lovelewisham.com,true
asonav.com,webmaster@asonav.com,true
connectionscounselingcenter.net,webmaster@connectionscounselingcenter.net,true
randominspiration.info,webmaster@randominspiration.info,true
immopetitjean.be,webmaster@immopetitjean.be,true
papagayorealty.com,webmaster@papagayorealty.com,true
nuevomp3.com,webmaster@nuevomp3.com,true
sperofoods.co,webmaster@sperofoods.co,true
ucetnictvipraha.cz,webmaster@ucetnictvipraha.cz,true
my-handyshop-bamberg.de,webmaster@my-handyshop-bamberg.de,true
raregal.com,webmaster@raregal.com,true
baymontmadison.com,webmaster@baymontmadison.com,true
anmandesign.com,webmaster@anmandesign.com,true
studujdopravu.sk,webmaster@studujdopravu.sk,true
diva2.cz,webmaster@diva2.cz,true
baumannsfoodcenter.com,webmaster@baumannsfoodcenter.com,true
apexnation.club,webmaster@apexnation.club,true
needlelittlesomething.com,webmaster@needlelittlesomething.com,true
gleisbogen-stuttgart.de,webmaster@gleisbogen-stuttgart.de,true
vitaminefashion.com,webmaster@vitaminefashion.com,true
toubalyon.com,webmaster@toubalyon.com,true
okversilia.net,webmaster@okversilia.net,true
northforkdentalassociates.com,webmaster@northforkdentalassociates.com,true
liekyrazdva.sk,webmaster@liekyrazdva.sk,true
thegoddessbox.org,webmaster@thegoddessbox.org,true
kaszinoprofi.com,webmaster@kaszinoprofi.com,true
nutshellurl.com,webmaster@nutshellurl.com,true
inucafe-repobu.com,webmaster@inucafe-repobu.com,true
i-businessman.com,webmaster@i-businessman.com,true
yileather.com,webmaster@yileather.com,true
disaster-medicine.com,webmaster@disaster-medicine.com,true
willowhillschool.org,webmaster@willowhillschool.org,true
bechdelcast.com,webmaster@bechdelcast.com,true
kreuzmann.de,webmaster@kreuzmann.de,true
astnym.jp,webmaster@astnym.jp,true
azimuth.ph,webmaster@azimuth.ph,true
finncrisp.de,webmaster@finncrisp.de,true
asv-untere-nied.de,webmaster@asv-untere-nied.de,true
thezipcodeapp.com,webmaster@thezipcodeapp.com,true
springfieldvetcenter.com,webmaster@springfieldvetcenter.com,true
iridatour.ru,webmaster@iridatour.ru,true
svncrwns.com,webmaster@svncrwns.com,true
yukon.software,webmaster@yukon.software,true
constructionsupplymagazine.com,webmaster@constructionsupplymagazine.com,true
ecoagri-food.com,webmaster@ecoagri-food.com,true
orthodontiststudiocity.com,webmaster@orthodontiststudiocity.com,true
capdetente-institut.fr,webmaster@capdetente-institut.fr,true
stonehousecollection.com,webmaster@stonehousecollection.com,true
genealogicus.nl,webmaster@genealogicus.nl,true
termene.ro,webmaster@termene.ro,true
goodlifeqa.com,webmaster@goodlifeqa.com,true
theprimewear.com,webmaster@theprimewear.com,true
mrrugged.com,webmaster@mrrugged.com,true
domeha.com,webmaster@domeha.com,true
nationschurch.com,webmaster@nationschurch.com,true
keri.ru,webmaster@keri.ru,true
k-webs.cz,webmaster@k-webs.cz,true
oceanhelper.com,webmaster@oceanhelper.com,true
ccmbhomeinspections.com,webmaster@ccmbhomeinspections.com,true
yamanashi.jp,webmaster@yamanashi.jp,true
thierrydaniel.com,webmaster@thierrydaniel.com,true
juneandmay.life,webmaster@juneandmay.life,true
knitbrooks.ca,webmaster@knitbrooks.ca,true
nebraskaol.org,webmaster@nebraskaol.org,true
ilovehats.ca,webmaster@ilovehats.ca,true
bushidodreams.com,webmaster@bushidodreams.com,true
lamartrailer.net,webmaster@lamartrailer.net,true
passievoorpaarden.com,webmaster@passievoorpaarden.com,true
hieta.biz,webmaster@hieta.biz,true
taguchi-auto.jp,webmaster@taguchi-auto.jp,true
mspropiedadessur.com,webmaster@mspropiedadessur.com,true
healingservants.com,webmaster@healingservants.com,true
fiat-boltowicz.pl,webmaster@fiat-boltowicz.pl,true
shortlistbeauty.com,webmaster@shortlistbeauty.com,true
therockofkingsley.com,webmaster@therockofkingsley.com,true
metall-stadler.at,webmaster@metall-stadler.at,true
willametteartisans.com,webmaster@willametteartisans.com,true
norskfamilie.no,webmaster@norskfamilie.no,true
wowcup.com,webmaster@wowcup.com,true
yourhosthelper.com,webmaster@yourhosthelper.com,true
denverairconnection.com,webmaster@denverairconnection.com,true
winnicavanellus.pl,webmaster@winnicavanellus.pl,true
lacet-niederrhein.de,webmaster@lacet-niederrhein.de,true
bta.lv,webmaster@bta.lv,true
jc-beverly-hills.de,webmaster@jc-beverly-hills.de,true
uniqhorse.com,webmaster@uniqhorse.com,true
orgchartcity.com,webmaster@orgchartcity.com,true
liwi68.com,webmaster@liwi68.com,true
drbej.co,webmaster@drbej.co,true
bociany-online.pl,webmaster@bociany-online.pl,true
estilo.ae,webmaster@estilo.ae,true
ltkarta.ru,webmaster@ltkarta.ru,true
douni.gr,webmaster@douni.gr,true
invista.com,webmaster@invista.com,true
beasley44shop.com,webmaster@beasley44shop.com,true
oneflow.com,webmaster@oneflow.com,true
proenglishtheatre.com,webmaster@proenglishtheatre.com,true
purposedrives.design,webmaster@purposedrives.design,true
auktionera.nu,webmaster@auktionera.nu,true
hyslimo.com,webmaster@hyslimo.com,true
milland.nl,webmaster@milland.nl,true
vikingcycle.com,webmaster@vikingcycle.com,true
cputopia.com,webmaster@cputopia.com,true
restudiostore.com,webmaster@restudiostore.com,true
8mars15h40.com,webmaster@8mars15h40.com,true
meswraty.com,webmaster@meswraty.com,true
stateofmyne.com,webmaster@stateofmyne.com,true
monkeybarbuddies.com,webmaster@monkeybarbuddies.com,true
supraboats.com,webmaster@supraboats.com,true
garynierx.ga,webmaster@garynierx.ga,true
karintattoo.com,webmaster@karintattoo.com,true
sunseekerresorts.com,webmaster@sunseekerresorts.com,true
forrestthewoods.com,webmaster@forrestthewoods.com,true
cuircenter.com,webmaster@cuircenter.com,true
tisanta.mx,webmaster@tisanta.mx,true
kabinetpsychologa.ru,webmaster@kabinetpsychologa.ru,true
gianarb.it,webmaster@gianarb.it,true
villageeatinghouse.net,webmaster@villageeatinghouse.net,true
nsanorth.com,webmaster@nsanorth.com,true
exclusiverh.com,webmaster@exclusiverh.com,true
koiranvaljaat.fi,webmaster@koiranvaljaat.fi,true
avram.io,webmaster@avram.io,true
vaplo.com,webmaster@vaplo.com,true
create-everyday.com,webmaster@create-everyday.com,true
royalrosesyrups.com,webmaster@royalrosesyrups.com,true
sakuranailsupply.com,webmaster@sakuranailsupply.com,true
designsprint.org,webmaster@designsprint.org,true
guysandgalshair.com,webmaster@guysandgalshair.com,true
sickstuff.co,webmaster@sickstuff.co,true
casadelsolesanvitolocapo.com,webmaster@casadelsolesanvitolocapo.com,true
japan-escort-service.com,webmaster@japan-escort-service.com,true
redskycenter.com,webmaster@redskycenter.com,true
ski.com,webmaster@ski.com,true
tv1896hofheim.de,webmaster@tv1896hofheim.de,true
payingforseniorcare.com,webmaster@payingforseniorcare.com,true
gov.kg,webmaster@gov.kg,true
my-thai.kz,webmaster@my-thai.kz,true
duganhollow.com,webmaster@duganhollow.com,true
gulliver-kids.ru,webmaster@gulliver-kids.ru,true
hydraenergy.com,webmaster@hydraenergy.com,true
puertadelcielo.com,webmaster@puertadelcielo.com,true
diehl-whittaker.net,webmaster@diehl-whittaker.net,true
goldlabel.com,webmaster@goldlabel.com,true
botriverwines.com,webmaster@botriverwines.com,true
entendre-heyrieux.fr,webmaster@entendre-heyrieux.fr,true
piftechnologies.com,webmaster@piftechnologies.com,true
edustrings.com,webmaster@edustrings.com,true
owlandgiraffe.com,webmaster@owlandgiraffe.com,true
hotel-sauerland.nl,webmaster@hotel-sauerland.nl,true
webfootcc.com,webmaster@webfootcc.com,true
ownsonoma.com,webmaster@ownsonoma.com,true
bxlbondyblog.be,webmaster@bxlbondyblog.be,true
tabliswonen.nl,webmaster@tabliswonen.nl,true
rawwoodshades.com,webmaster@rawwoodshades.com,true
myplantshop.ch,webmaster@myplantshop.ch,true
lf2l.fr,webmaster@lf2l.fr,true
thebasie.org,webmaster@thebasie.org,true
orsu.fr,webmaster@orsu.fr,true
wedkuje.pl,webmaster@wedkuje.pl,true
four-brique.fr,webmaster@four-brique.fr,true
mosaiq.sk,webmaster@mosaiq.sk,true
weteachmaths.com,webmaster@weteachmaths.com,true
mndevelopers.com,webmaster@mndevelopers.com,true
glacierstonesupply.com,webmaster@glacierstonesupply.com,true
pauwex.cz,webmaster@pauwex.cz,true
organicpandit.com,webmaster@organicpandit.com,true
miamimoversforless.com,webmaster@miamimoversforless.com,true
willa-duszniki.pl,webmaster@willa-duszniki.pl,true
addo.digital,webmaster@addo.digital,true
fapshows.com,webmaster@fapshows.com,true
chalkboard.education,webmaster@chalkboard.education,true
zenwire.ca,webmaster@zenwire.ca,true
jamaicaweddingphotos.com,webmaster@jamaicaweddingphotos.com,true
rotulosalan.com,webmaster@rotulosalan.com,true
nonsurgicalliposuctionguide.com,webmaster@nonsurgicalliposuctionguide.com,true
eventsbydesignoregon.com,webmaster@eventsbydesignoregon.com,true
gladexchange.com,webmaster@gladexchange.com,true
triangelresor.se,webmaster@triangelresor.se,true
bernhardt.io,webmaster@bernhardt.io,true
dexsil.com,webmaster@dexsil.com,true
monastiriaka.gr,webmaster@monastiriaka.gr,true
immobiliarevalenziano.com,webmaster@immobiliarevalenziano.com,true
ednaandmilly.com,webmaster@ednaandmilly.com,true
opticspice.ca,webmaster@opticspice.ca,true
gearrex.com,webmaster@gearrex.com,true
droughtschool.net,webmaster@droughtschool.net,true
toby-rosenthal.com,webmaster@toby-rosenthal.com,true
metallbau-pross.de,webmaster@metallbau-pross.de,true
colorvaleactions.com,webmaster@colorvaleactions.com,true
balticcam.ee,webmaster@balticcam.ee,true
kingstonrealestateinfo.com,webmaster@kingstonrealestateinfo.com,true
lesetenmortgages.com,webmaster@lesetenmortgages.com,true
vivivexx.com,webmaster@vivivexx.com,true
wyandotbbq.com,webmaster@wyandotbbq.com,true
bingobonuscash.com,webmaster@bingobonuscash.com,true
richardyoo.com,webmaster@richardyoo.com,true
comptabilite-profession-liberale.fr,webmaster@comptabilite-profession-liberale.fr,true
gizmogadgets.shop,webmaster@gizmogadgets.shop,true
wimenwillieperbus.eu,webmaster@wimenwillieperbus.eu,true
bakerblankets.com,webmaster@bakerblankets.com,true
cvonline.me,webmaster@cvonline.me,true
superiorwindowcleaninglasvegas.com,webmaster@superiorwindowcleaninglasvegas.com,true
crystalofakind.com,webmaster@crystalofakind.com,true
educacursos.com,webmaster@educacursos.com,true
eclecticjohny.com,webmaster@eclecticjohny.com,true
gardenhousebh.com,webmaster@gardenhousebh.com,true
centurypackaginginc.com,webmaster@centurypackaginginc.com,true
ugram.org,webmaster@ugram.org,true
lartisanebox.com,webmaster@lartisanebox.com,true
smartkidabacus.com,webmaster@smartkidabacus.com,true
cykelitalia.se,webmaster@cykelitalia.se,true
candlesbycarol.com,webmaster@candlesbycarol.com,true
privegroup.com,webmaster@privegroup.com,true
skup-auto.pl,webmaster@skup-auto.pl,true
samuelpucciobjj.com,webmaster@samuelpucciobjj.com,true
uesama.games,webmaster@uesama.games,true
medianetnow.com,webmaster@medianetnow.com,true
dutchharborgearstore.com,webmaster@dutchharborgearstore.com,true
slunko-trebic.cz,webmaster@slunko-trebic.cz,true
style-yoggy.com,webmaster@style-yoggy.com,true
countrywidehomes.ca,webmaster@countrywidehomes.ca,true
halfpricebooks.in,webmaster@halfpricebooks.in,true
bmthofficial.com,webmaster@bmthofficial.com,true
bebelicious.com,webmaster@bebelicious.com,true
hallsgarden.com,webmaster@hallsgarden.com,true
dienlanhnguyenphat.com,webmaster@dienlanhnguyenphat.com,true
oceanlovedesigns.com,webmaster@oceanlovedesigns.com,true
daniellepedersen.com,webmaster@daniellepedersen.com,true
nutopia.se,webmaster@nutopia.se,true
xn--ycrq3az1pk5c1rryjpg56b.jp,webmaster@xn--ycrq3az1pk5c1rryjpg56b.jp,true
thermalplus.sk,webmaster@thermalplus.sk,true
nelsonperformancehorsesllc.com,webmaster@nelsonperformancehorsesllc.com,true
peopledev.net,webmaster@peopledev.net,true
dermatologistfaridabad.in,webmaster@dermatologistfaridabad.in,true
hairdesignertv.com,webmaster@hairdesignertv.com,true
heritagetractor.com,webmaster@heritagetractor.com,true
owossotrojans.com,webmaster@owossotrojans.com,true
avocat-frederic-pau.fr,webmaster@avocat-frederic-pau.fr,true
rootchi.com,webmaster@rootchi.com,true
hearinginnovations.com,webmaster@hearinginnovations.com,true
diana.sk,webmaster@diana.sk,true
adelio.co,webmaster@adelio.co,true
beko-rus.ru,webmaster@beko-rus.ru,true
giatladonganh.com,webmaster@giatladonganh.com,true
sageandseafarms.com,webmaster@sageandseafarms.com,true
reallyhomemade.com,webmaster@reallyhomemade.com,true
ssdhospital.com,webmaster@ssdhospital.com,true
lynchcorp.com,webmaster@lynchcorp.com,true
tahomaliteraryreview.com,webmaster@tahomaliteraryreview.com,true
ga-wear.com,webmaster@ga-wear.com,true
theskyrest.com,webmaster@theskyrest.com,true
featherhillrealestate.com,webmaster@featherhillrealestate.com,true
monettilandscape.com,webmaster@monettilandscape.com,true
fizzandbubble.com,webmaster@fizzandbubble.com,true
asnt-media-exhibits.org,webmaster@asnt-media-exhibits.org,true
auburn.edu,webmaster@auburn.edu,true
bionicfishing.com,webmaster@bionicfishing.com,true
webcams-etudiantes.com,webmaster@webcams-etudiantes.com,true
alldressedupcouture.com,webmaster@alldressedupcouture.com,true
haikukring-nederland.nl,webmaster@haikukring-nederland.nl,true
feteugt-sma.es,webmaster@feteugt-sma.es,true
kubavats.com,webmaster@kubavats.com,true
aonie.it,webmaster@aonie.it,true
pelspieco.com,webmaster@pelspieco.com,true
visitedmondok.com,webmaster@visitedmondok.com,true
charitieshousing.org,webmaster@charitieshousing.org,true
landing.jobs,webmaster@landing.jobs,true
balanceblades.com,webmaster@balanceblades.com,true
san-fit.com,webmaster@san-fit.com,true
india9.com,webmaster@india9.com,true
brm-shop.com,webmaster@brm-shop.com,true
topgearny.com,webmaster@topgearny.com,true
chronos-technology.nl,webmaster@chronos-technology.nl,true
bricolagepress.com,webmaster@bricolagepress.com,true
curem.pl,webmaster@curem.pl,true
matica-hrvatska-dubrovnik.com,webmaster@matica-hrvatska-dubrovnik.com,true
eastendpress.com,webmaster@eastendpress.com,true
zibi.pl,webmaster@zibi.pl,true
drevalet.com,webmaster@drevalet.com,true
tjekbil.dk,webmaster@tjekbil.dk,true
lilyhunter.nl,webmaster@lilyhunter.nl,true
consolefootball.com,webmaster@consolefootball.com,true
annette-postel.com,webmaster@annette-postel.com,true
alsat.kg,webmaster@alsat.kg,true
matchbookcoffeeproject.com,webmaster@matchbookcoffeeproject.com,true
horizondivers.com,webmaster@horizondivers.com,true
trendnology.co,webmaster@trendnology.co,true
vqui.it,webmaster@vqui.it,true
napadpreskoly.sk,webmaster@napadpreskoly.sk,true
sheilafajl.com,webmaster@sheilafajl.com,true
next-level-empowerment.com,webmaster@next-level-empowerment.com,true
smartfirebbq.com,webmaster@smartfirebbq.com,true
melbourneairportassistance.com,webmaster@melbourneairportassistance.com,true
mrubel.com,webmaster@mrubel.com,true
sspeterpaul.org,webmaster@sspeterpaul.org,true
pablo-ruiz-picasso.net,webmaster@pablo-ruiz-picasso.net,true
skinesque.com,webmaster@skinesque.com,true
coffeemongers.com,webmaster@coffeemongers.com,true
findyourbank.in,webmaster@findyourbank.in,true
cmcantierimoderni.it,webmaster@cmcantierimoderni.it,true
openas.com,webmaster@openas.com,true
oshotorinopiemonte.it,webmaster@oshotorinopiemonte.it,true
thegarden.agency,webmaster@thegarden.agency,true
ewi-ennigerloh.de,webmaster@ewi-ennigerloh.de,true
zuvaa.com,webmaster@zuvaa.com,true
f1pool.net,webmaster@f1pool.net,true
spandauer-ufer.de,webmaster@spandauer-ufer.de,true
luvijarentacar.com,webmaster@luvijarentacar.com,true
fastercampaigns.com,webmaster@fastercampaigns.com,true
hardteckno.com,webmaster@hardteckno.com,true
showoffmedia.dk,webmaster@showoffmedia.dk,true
pearlsoflaja.com,webmaster@pearlsoflaja.com,true
fixingmania.com,webmaster@fixingmania.com,true
montessori-schoenthal.de,webmaster@montessori-schoenthal.de,true
photoscapeschicago.com,webmaster@photoscapeschicago.com,true
spokeandbear.com,webmaster@spokeandbear.com,true
faithfultreasure.com,webmaster@faithfultreasure.com,true
aeolservice.es,webmaster@aeolservice.es,true
berens.net,webmaster@berens.net,true
my-cap.ca,webmaster@my-cap.ca,true
minneolacoop.com,webmaster@minneolacoop.com,true
indo-xx1.club,webmaster@indo-xx1.club,true
edloefinch.com,webmaster@edloefinch.com,true
urantia.nl,webmaster@urantia.nl,true
studioetc.nl,webmaster@studioetc.nl,true
miracleherb.com,webmaster@miracleherb.com,true
creabat.com,webmaster@creabat.com,true
tomsickova.com,webmaster@tomsickova.com,true
markhamproducts.com,webmaster@markhamproducts.com,true
militarypillow.com,webmaster@militarypillow.com,true
aurishealth.com,webmaster@aurishealth.com,true
vertelkring-delft.nl,webmaster@vertelkring-delft.nl,true
graciepac.com,webmaster@graciepac.com,true
perfectexhibitions.com,webmaster@perfectexhibitions.com,true
peregrinosdefatima.com,webmaster@peregrinosdefatima.com,true
get-balance.ru,webmaster@get-balance.ru,true
beigelr.com,webmaster@beigelr.com,true
raffino.jp,webmaster@raffino.jp,true
poncedeleonabogados.com,webmaster@poncedeleonabogados.com,true
urbangadgette.com,webmaster@urbangadgette.com,true
lancaster-metal-etching.com,webmaster@lancaster-metal-etching.com,true
littlerock.com,webmaster@littlerock.com,true
coloori.com,webmaster@coloori.com,true
dbtpe.org,webmaster@dbtpe.org,true
acl.com,webmaster@acl.com,true
cimpdesign.com,webmaster@cimpdesign.com,true
trophees-sante-mobile.com,webmaster@trophees-sante-mobile.com,true
genki-saga.com,webmaster@genki-saga.com,true
fleetster.net,webmaster@fleetster.net,true
stitchnoteusa.com,webmaster@stitchnoteusa.com,true
honeyginger.ca,webmaster@honeyginger.ca,true
dancewirepdx.org,webmaster@dancewirepdx.org,true
russianspaniel.ru,webmaster@russianspaniel.ru,true
grahamrealtyinc.com,webmaster@grahamrealtyinc.com,true
communityopera.com,webmaster@communityopera.com,true
boxfromjapan.com,webmaster@boxfromjapan.com,true
mycanplan.com,webmaster@mycanplan.com,true
ulmtickets.de,webmaster@ulmtickets.de,true
cosmetichearingsolutions.com,webmaster@cosmetichearingsolutions.com,true
abingdonspares.com,webmaster@abingdonspares.com,true
taichi-toum.fr,webmaster@taichi-toum.fr,true
shopsundaymonday.com,webmaster@shopsundaymonday.com,true
gpj.ma,webmaster@gpj.ma,true
catherineweitzman.com,webmaster@catherineweitzman.com,true
shiga-consortium.com,webmaster@shiga-consortium.com,true
yesindisguise.com,webmaster@yesindisguise.com,true
zespolalibi.pl,webmaster@zespolalibi.pl,true
milldirectcarpetandhardwood.com,webmaster@milldirectcarpetandhardwood.com,true
molalacompany.com,webmaster@molalacompany.com,true
mulchingmania.com,webmaster@mulchingmania.com,true
westernreps.com,webmaster@westernreps.com,true
marksdancewear.com,webmaster@marksdancewear.com,true
michellevbasics.com,webmaster@michellevbasics.com,true
shadesshop.com,webmaster@shadesshop.com,true
lacordaireacademy.com,webmaster@lacordaireacademy.com,true
20in42.com,webmaster@20in42.com,true
baby-jogger.pl,webmaster@baby-jogger.pl,true
findingyouranchor.com,webmaster@findingyouranchor.com,true
partinchem.com,webmaster@partinchem.com,true
explora.life,webmaster@explora.life,true
linkedmalls.com,webmaster@linkedmalls.com,true
ivex.ai,webmaster@ivex.ai,true
doctor-dog.ru,webmaster@doctor-dog.ru,true
letslettertogether.com,webmaster@letslettertogether.com,true
starlightstudio.jp,webmaster@starlightstudio.jp,true
pelicanlakeswindsor.com,webmaster@pelicanlakeswindsor.com,true
tlcrental.co,webmaster@tlcrental.co,true
apexfarming.com,webmaster@apexfarming.com,true
rauhansopimus.fi,webmaster@rauhansopimus.fi,true
strayrats.com,webmaster@strayrats.com,true
serp-school9.ru,webmaster@serp-school9.ru,true
maukau.com,webmaster@maukau.com,true
gite-labignone.fr,webmaster@gite-labignone.fr,true
imperfects.co,webmaster@imperfects.co,true
icebarns.com,webmaster@icebarns.com,true
ecetouring.com,webmaster@ecetouring.com,true
studio414.com,webmaster@studio414.com,true
lordwaffleking.com,webmaster@lordwaffleking.com,true
ioshmagazine.com,webmaster@ioshmagazine.com,true
sannote.com,webmaster@sannote.com,true
adwokattyrakowska.pl,webmaster@adwokattyrakowska.pl,true
forzaparma.it,webmaster@forzaparma.it,true
xn--b1adilucapo.xn--p1ai,webmaster@xn--b1adilucapo.xn--p1ai,true
postpethospital.net,webmaster@postpethospital.net,true
citadeltheatre.com,webmaster@citadeltheatre.com,true
cannwoodfarm.com,webmaster@cannwoodfarm.com,true
pelzerwelt.de,webmaster@pelzerwelt.de,true
trutrakflightsystems.com,webmaster@trutrakflightsystems.com,true
anhnbt.com,webmaster@anhnbt.com,true
salonbongini.com,webmaster@salonbongini.com,true
jeongwonkorean.com,webmaster@jeongwonkorean.com,true
stripnflywear.com,webmaster@stripnflywear.com,true
biolife4d.com,webmaster@biolife4d.com,true
angely.net,webmaster@angely.net,true
esnaxx.com,webmaster@esnaxx.com,true
panthera.no,webmaster@panthera.no,true
albrigiluigistore.com,webmaster@albrigiluigistore.com,true
observeit.com,webmaster@observeit.com,true
playdude.co,webmaster@playdude.co,true
seo-code.com,webmaster@seo-code.com,true
oedro.com,webmaster@oedro.com,true
ticketpad.fr,webmaster@ticketpad.fr,true
cloudanalogy.com,webmaster@cloudanalogy.com,true
2chickswithchocolate.com,webmaster@2chickswithchocolate.com,true
scea-njea.org,webmaster@scea-njea.org,true
deutscheweb.org,webmaster@deutscheweb.org,true
jakewillers.com,webmaster@jakewillers.com,true
venusenvy.ca,webmaster@venusenvy.ca,true
photosontheroad.eu,webmaster@photosontheroad.eu,true
labote.com,webmaster@labote.com,true
flashingneonsigns.com,webmaster@flashingneonsigns.com,true
ronthea.com,webmaster@ronthea.com,true
nicesucc.com,webmaster@nicesucc.com,true
article22.com,webmaster@article22.com,true
myfamilysmile.com,webmaster@myfamilysmile.com,true
thermalabs.biz,webmaster@thermalabs.biz,true
justtransitionfund.org,webmaster@justtransitionfund.org,true
cabolo.it,webmaster@cabolo.it,true
simbasleep.ca,webmaster@simbasleep.ca,true
mikso.sk,webmaster@mikso.sk,true
steliasguides.com,webmaster@steliasguides.com,true
tvh.in,webmaster@tvh.in,true
h-uro.com,webmaster@h-uro.com,true
micoferrandiz.com,webmaster@micoferrandiz.com,true
tadarepo.com,webmaster@tadarepo.com,true
organik.ro,webmaster@organik.ro,true
toestory.cz,webmaster@toestory.cz,true
browsertobuyer.com,webmaster@browsertobuyer.com,true
gtnv.cz,webmaster@gtnv.cz,true
234.62,webmaster@234.62,true
fagform.is,webmaster@fagform.is,true
elkollege.ru,webmaster@elkollege.ru,true
alankaplanphotography.com,webmaster@alankaplanphotography.com,true
lostal2013.com,webmaster@lostal2013.com,true
eoipuertodelacruz.com,webmaster@eoipuertodelacruz.com,true
newmethodmotors.com,webmaster@newmethodmotors.com,true
retroaktivsynthesizers.com,webmaster@retroaktivsynthesizers.com,true
szzp.cz,webmaster@szzp.cz,true
agilenetworkindia.com,webmaster@agilenetworkindia.com,true
careggs.com,webmaster@careggs.com,true
awearsolutions.com,webmaster@awearsolutions.com,true
hant.se,webmaster@hant.se,true
erinandersonco.com,webmaster@erinandersonco.com,true
mildlyevilshop.com,webmaster@mildlyevilshop.com,true
denimunspun.com,webmaster@denimunspun.com,true
im-digital.club,webmaster@im-digital.club,true
terhao.org,webmaster@terhao.org,true
leukemeuk.nl,webmaster@leukemeuk.nl,true
billionexworld.com,webmaster@billionexworld.com,true
fidiaweb.net,webmaster@fidiaweb.net,true
mycreditstory.ru,webmaster@mycreditstory.ru,true
digitalcreation.fr,webmaster@digitalcreation.fr,true
colleensparis.com,webmaster@colleensparis.com,true
uniquos.com,webmaster@uniquos.com,true
cflsea.com,webmaster@cflsea.com,true
alpinebabyco.com,webmaster@alpinebabyco.com,true
gonsalvesandhall.com,webmaster@gonsalvesandhall.com,true
cfine.org,webmaster@cfine.org,true
magnificentquilt.com,webmaster@magnificentquilt.com,true
swisstruck.ch,webmaster@swisstruck.ch,true
freymark-photography.de,webmaster@freymark-photography.de,true
atmosphair.com,webmaster@atmosphair.com,true
euroslovakia.ru,webmaster@euroslovakia.ru,true
tvdemortel.nl,webmaster@tvdemortel.nl,true
hosting-australia.com,webmaster@hosting-australia.com,true
zsterezin.cz,webmaster@zsterezin.cz,true
arratta.one,webmaster@arratta.one,true
clarityproducts.org,webmaster@clarityproducts.org,true
liffeytrust.ie,webmaster@liffeytrust.ie,true
netcmg.com,webmaster@netcmg.com,true
ofisnaya.ru,webmaster@ofisnaya.ru,true
dittowearable.com,webmaster@dittowearable.com,true
soundandstone.store,webmaster@soundandstone.store,true
sbsc.se,webmaster@sbsc.se,true
nic.cx,webmaster@nic.cx,true
modernfriendshipclub.com,webmaster@modernfriendshipclub.com,true
uniregistry.com,webmaster@uniregistry.com,true
gibbondigital.com,webmaster@gibbondigital.com,true
lifeteaches.org,webmaster@lifeteaches.org,true
lesguidescomparer.com,webmaster@lesguidescomparer.com,true
sh1788.net,webmaster@sh1788.net,true
opcondeixa.pt,webmaster@opcondeixa.pt,true
cacgv.ca,webmaster@cacgv.ca,true
betfirst.be,webmaster@betfirst.be,true
nytimesgroupsubscriptions.com,webmaster@nytimesgroupsubscriptions.com,true
dentaprelandsoldat.dk,webmaster@dentaprelandsoldat.dk,true
pacificdentalsanrafael.com,webmaster@pacificdentalsanrafael.com,true
mindfulzebra.com,webmaster@mindfulzebra.com,true
sharif.edu,webmaster@sharif.edu,true
imaginary.org,webmaster@imaginary.org,true
asavur.org,webmaster@asavur.org,true
igturk.net,webmaster@igturk.net,true
esportsbusinessleague.com,webmaster@esportsbusinessleague.com,true
avojak.com,webmaster@avojak.com,true
wonen-op-stand.nl,webmaster@wonen-op-stand.nl,true
fillenue.net,webmaster@fillenue.net,true
nptestudybuddy.com,webmaster@nptestudybuddy.com,true
hellacoolkids.com,webmaster@hellacoolkids.com,true
gabaldon.com,webmaster@gabaldon.com,true
australiascoralcoast.com,webmaster@australiascoralcoast.com,true
whiterockpier.ca,webmaster@whiterockpier.ca,true
judihendricks.com,webmaster@judihendricks.com,true
atara-xyl.jp,webmaster@atara-xyl.jp,true
editionsfabulle.ca,webmaster@editionsfabulle.ca,true
ms-deal.de,webmaster@ms-deal.de,true
stsimeonorthodoxchurch.com,webmaster@stsimeonorthodoxchurch.com,true
sayitwithgratitude.com,webmaster@sayitwithgratitude.com,true
myrtlebeachgolf.com,webmaster@myrtlebeachgolf.com,true
naijamarketplace.net,webmaster@naijamarketplace.net,true
nextgentens.com,webmaster@nextgentens.com,true
cynthiaszorg.nl,webmaster@cynthiaszorg.nl,true
ferienfreizeit-fieb.de,webmaster@ferienfreizeit-fieb.de,true
germanskyva.com,webmaster@germanskyva.com,true
romanandfrench.com,webmaster@romanandfrench.com,true
michaelmotzek.de,webmaster@michaelmotzek.de,true
deliberatelyhere.com,webmaster@deliberatelyhere.com,true
2anes.com,webmaster@2anes.com,true
misadventure.co,webmaster@misadventure.co,true
hauri.de,webmaster@hauri.de,true
libera-inc.com,webmaster@libera-inc.com,true
kinon.com,webmaster@kinon.com,true
demo.tc,webmaster@demo.tc,true
atelierarticle.com,webmaster@atelierarticle.com,true
herrenmode.ca,webmaster@herrenmode.ca,true
sunnests.com,webmaster@sunnests.com,true
reddrumtackle.com,webmaster@reddrumtackle.com,true
ffcdi.org,webmaster@ffcdi.org,true
openhabits.com,webmaster@openhabits.com,true
soundadvicehac.com,webmaster@soundadvicehac.com,true
razmenyai.ru,webmaster@razmenyai.ru,true
oleumm8.com,webmaster@oleumm8.com,true
pennstatebakery.com,webmaster@pennstatebakery.com,true
vertex.fi,webmaster@vertex.fi,true
triprandomiser.com,webmaster@triprandomiser.com,true
parawestparasailing.com,webmaster@parawestparasailing.com,true
katiraeilaw.com,webmaster@katiraeilaw.com,true
nodokatea.com,webmaster@nodokatea.com,true
tiendadelmarmol.net,webmaster@tiendadelmarmol.net,true
adulthookup.com,webmaster@adulthookup.com,true
bambi-officiel.com,webmaster@bambi-officiel.com,true
medinacenter.ru,webmaster@medinacenter.ru,true
luinwe.org,webmaster@luinwe.org,true
ideasinnovadoras.com,webmaster@ideasinnovadoras.com,true
mytirepros.com,webmaster@mytirepros.com,true
sslinvest.com,webmaster@sslinvest.com,true
homewater.com,webmaster@homewater.com,true
sloanestephens.com,webmaster@sloanestephens.com,true
annavonbergmann.de,webmaster@annavonbergmann.de,true
ockelcomputers.com,webmaster@ockelcomputers.com,true
agroprekyba.com,webmaster@agroprekyba.com,true
costadiamalfi.it,webmaster@costadiamalfi.it,true
nwmfginc.com,webmaster@nwmfginc.com,true
decimalpointanalytics.com,webmaster@decimalpointanalytics.com,true
xn----8sbeb1bcblv.xn--p1ai,webmaster@xn----8sbeb1bcblv.xn--p1ai,true
adiassribeachresorts.com,webmaster@adiassribeachresorts.com,true
barlupulus.ca,webmaster@barlupulus.ca,true
xj220data.com,webmaster@xj220data.com,true
chrisgabriel.co,webmaster@chrisgabriel.co,true
mellipou.com,webmaster@mellipou.com,true
lsonline.fr,webmaster@lsonline.fr,true
lolhax.org,webmaster@lolhax.org,true
mil.gt,webmaster@mil.gt,true
ysipc.com,webmaster@ysipc.com,true
quotify.it,webmaster@quotify.it,true
smart-ip-tvs.com,webmaster@smart-ip-tvs.com,true
salazarsaslandscaping.com,webmaster@salazarsaslandscaping.com,true
xn--80aaagjc7ae6agvhiof9k.xn--p1ai,webmaster@xn--80aaagjc7ae6agvhiof9k.xn--p1ai,true
switchboxcoffee.com,webmaster@switchboxcoffee.com,true
axon.com,webmaster@axon.com,true
ectogasm.net,webmaster@ectogasm.net,true
federicomari.name,webmaster@federicomari.name,true
rainmakervt.com,webmaster@rainmakervt.com,true
baskerbutiken.se,webmaster@baskerbutiken.se,true
rentvestor.com,webmaster@rentvestor.com,true
unicornjewelry.com,webmaster@unicornjewelry.com,true
skovdesymaskiner.se,webmaster@skovdesymaskiner.se,true
poutnici.com,webmaster@poutnici.com,true
teejerker.com,webmaster@teejerker.com,true
marypoppinsnannyservice.com,webmaster@marypoppinsnannyservice.com,true
divabody.com,webmaster@divabody.com,true
diningcity.hu,webmaster@diningcity.hu,true
remi-marion.fr,webmaster@remi-marion.fr,true
gbg.md,webmaster@gbg.md,true
poshbellaboutique.com,webmaster@poshbellaboutique.com,true
globaltradeworks.com,webmaster@globaltradeworks.com,true
robxbarron.com,webmaster@robxbarron.com,true
debutpiger.dk,webmaster@debutpiger.dk,true
adapt-uhi.org,webmaster@adapt-uhi.org,true
ffdus.de,webmaster@ffdus.de,true
uffesotare.se,webmaster@uffesotare.se,true
petitboulevard.com,webmaster@petitboulevard.com,true
inprint.by,webmaster@inprint.by,true
kv-gartenbauvereine-kulmbach.de,webmaster@kv-gartenbauvereine-kulmbach.de,true
dreamleggings.com,webmaster@dreamleggings.com,true
becomepublished.com,webmaster@becomepublished.com,true
winnipegtradingpost.com,webmaster@winnipegtradingpost.com,true
relook-cars.fr,webmaster@relook-cars.fr,true
rukousystavat.fi,webmaster@rukousystavat.fi,true
studiostation.pl,webmaster@studiostation.pl,true
burnettspecialists.com,webmaster@burnettspecialists.com,true
anketom.ru,webmaster@anketom.ru,true
bmc-artwork.fr,webmaster@bmc-artwork.fr,true
graceandangeline.com,webmaster@graceandangeline.com,true
foreignaffairsmotorsports.com,webmaster@foreignaffairsmotorsports.com,true
goldenstateofmind.com,webmaster@goldenstateofmind.com,true
carbondmp.com,webmaster@carbondmp.com,true
infonindo.com,webmaster@infonindo.com,true
praxisklinik-dr-stein.de,webmaster@praxisklinik-dr-stein.de,true
mmohsenikabir.ir,webmaster@mmohsenikabir.ir,true
temonline.nl,webmaster@temonline.nl,true
bhedesigns.com,webmaster@bhedesigns.com,true
bimtrace.com,webmaster@bimtrace.com,true
glenroyal.ie,webmaster@glenroyal.ie,true
painreliefcenterla.com,webmaster@painreliefcenterla.com,true
sablesdumonde.com,webmaster@sablesdumonde.com,true
schleckdruff.at,webmaster@schleckdruff.at,true
hapbeecompany.com,webmaster@hapbeecompany.com,true
kuczkowski.net,webmaster@kuczkowski.net,true
thelils.com,webmaster@thelils.com,true
cboehm.it,webmaster@cboehm.it,true
hitomedia.jp,webmaster@hitomedia.jp,true
ohbonita.com,webmaster@ohbonita.com,true
adamballingerart.com,webmaster@adamballingerart.com,true
xfade.org,webmaster@xfade.org,true
u-tt.com,webmaster@u-tt.com,true
waschmaschinen-reparaturdienst-berlin.de,webmaster@waschmaschinen-reparaturdienst-berlin.de,true
bhlpa.com,webmaster@bhlpa.com,true
bsg-t.kz,webmaster@bsg-t.kz,true
lesavantnu.com,webmaster@lesavantnu.com,true
pwc-karriere.de,webmaster@pwc-karriere.de,true
vmoney.net,webmaster@vmoney.net,true
sierrafencetx.com,webmaster@sierrafencetx.com,true
dahotelesaltoelloa.com,webmaster@dahotelesaltoelloa.com,true
blendergallery.com,webmaster@blendergallery.com,true
grannenfeltfinance.fi,webmaster@grannenfeltfinance.fi,true
prince-spa.com,webmaster@prince-spa.com,true
poshpresentshop.com,webmaster@poshpresentshop.com,true
macewen3d.com,webmaster@macewen3d.com,true
ttesports.com,webmaster@ttesports.com,true
jhsathletics.org,webmaster@jhsathletics.org,true
lesfoliesdesofie.be,webmaster@lesfoliesdesofie.be,true
inders.in,webmaster@inders.in,true
changingstates.org,webmaster@changingstates.org,true
boutiqueendurance.ca,webmaster@boutiqueendurance.ca,true
listelese.net,webmaster@listelese.net,true
millertime26.com,webmaster@millertime26.com,true
castlerockessentialproducts.com,webmaster@castlerockessentialproducts.com,true
orangevilleproperties.com,webmaster@orangevilleproperties.com,true
thechemistrysolution.com,webmaster@thechemistrysolution.com,true
rusticahomedecor.com,webmaster@rusticahomedecor.com,true
ceswebworks.com,webmaster@ceswebworks.com,true
treschiclashes.com,webmaster@treschiclashes.com,true
versandhaus-online.com,webmaster@versandhaus-online.com,true
nupetfooddelivery.com,webmaster@nupetfooddelivery.com,true
yogaya.it,webmaster@yogaya.it,true
abdulhamit-erdogan.com,webmaster@abdulhamit-erdogan.com,true
shelfliners.com,webmaster@shelfliners.com,true
joansakeeper.com,webmaster@joansakeeper.com,true
weavefurniture.com,webmaster@weavefurniture.com,true
ganzheitliche-ernaehrung.ch,webmaster@ganzheitliche-ernaehrung.ch,true
oneremission.com,webmaster@oneremission.com,true
dostavka-kemerovo.ru,webmaster@dostavka-kemerovo.ru,true
jongetjeofmeisje.nl,webmaster@jongetjeofmeisje.nl,true
hooterscalendar.com,webmaster@hooterscalendar.com,true
valentinecreative.com,webmaster@valentinecreative.com,true
elektro-menke.de,webmaster@elektro-menke.de,true
dynamicscompanions.com,webmaster@dynamicscompanions.com,true
oneloveorthodontics.com,webmaster@oneloveorthodontics.com,true
drgabacus.com,webmaster@drgabacus.com,true
joymerrymanstore.com,webmaster@joymerrymanstore.com,true
propertifix.com,webmaster@propertifix.com,true
margotvanderstraeten.com,webmaster@margotvanderstraeten.com,true
industrypieces.com,webmaster@industrypieces.com,true
southbeaches.info,webmaster@southbeaches.info,true
mycashflow.ee,webmaster@mycashflow.ee,true
ben.services,webmaster@ben.services,true
ansinhmed.com,webmaster@ansinhmed.com,true
raptorresearchfoundation.org,webmaster@raptorresearchfoundation.org,true
agentur-samuel.de,webmaster@agentur-samuel.de,true
allthingsrealestatestore.com,webmaster@allthingsrealestatestore.com,true
audiu.net,webmaster@audiu.net,true
figsstore.com,webmaster@figsstore.com,true
browninsuranceservices.com,webmaster@browninsuranceservices.com,true
sleepezi.com,webmaster@sleepezi.com,true
y-conference.com,webmaster@y-conference.com,true
treninkovyprofil.cz,webmaster@treninkovyprofil.cz,true
musikakademie.be,webmaster@musikakademie.be,true
memberplay.org,webmaster@memberplay.org,true
maggiesiner.com,webmaster@maggiesiner.com,true
blistrup.dk,webmaster@blistrup.dk,true
reportercriticism.com,webmaster@reportercriticism.com,true
oralmukozasempozyumu.org,webmaster@oralmukozasempozyumu.org,true
azintord.com,webmaster@azintord.com,true
saulesspektras.lt,webmaster@saulesspektras.lt,true
pureskin-salon.com,webmaster@pureskin-salon.com,true
cogestim.ch,webmaster@cogestim.ch,true
ffiel.com,webmaster@ffiel.com,true
unionstationbrick.net,webmaster@unionstationbrick.net,true
mailconvertertools.com,webmaster@mailconvertertools.com,true
govmatt.com,webmaster@govmatt.com,true
myrqvist.se,webmaster@myrqvist.se,true
thehovercam.com,webmaster@thehovercam.com,true
daingerfieldflowermill.com,webmaster@daingerfieldflowermill.com,true
lvmswim.com,webmaster@lvmswim.com,true
revsense.com,webmaster@revsense.com,true
deboralab.com,webmaster@deboralab.com,true
cfsinnovation.org,webmaster@cfsinnovation.org,true
produktkonfiguratoren.ch,webmaster@produktkonfiguratoren.ch,true
doublebmonograms.com,webmaster@doublebmonograms.com,true
weddingsteps.com,webmaster@weddingsteps.com,true
check-host.net,webmaster@check-host.net,true
amlimoservices.net,webmaster@amlimoservices.net,true
prtimes.com,webmaster@prtimes.com,true
jmdrygoods.com,webmaster@jmdrygoods.com,true
wcp2017.org,webmaster@wcp2017.org,true
unleashednaturals.com,webmaster@unleashednaturals.com,true
ashergoods.com,webmaster@ashergoods.com,true
ayasta.com,webmaster@ayasta.com,true
podistitagliolesi.it,webmaster@podistitagliolesi.it,true
lorenzihub.run,webmaster@lorenzihub.run,true
lanikaibeauty.com,webmaster@lanikaibeauty.com,true
cer-eco-rennes.com,webmaster@cer-eco-rennes.com,true
motorservukcars.com,webmaster@motorservukcars.com,true
misiunas.com,webmaster@misiunas.com,true
capturebaddrivers.com,webmaster@capturebaddrivers.com,true
optomonline.ru,webmaster@optomonline.ru,true
rdbtools.com,webmaster@rdbtools.com,true
solefiness.com,webmaster@solefiness.com,true
whatsapptoplumesajgonder.com,webmaster@whatsapptoplumesajgonder.com,true
cornerhousebbq.com,webmaster@cornerhousebbq.com,true
a4d-moordrecht.nl,webmaster@a4d-moordrecht.nl,true
waymedia.nl,webmaster@waymedia.nl,true
stormgrounds.com,webmaster@stormgrounds.com,true
pool-fitness.jp,webmaster@pool-fitness.jp,true
rimpro-tec.com,webmaster@rimpro-tec.com,true
rugbypobednik.com,webmaster@rugbypobednik.com,true
coinmarketdaddy.com,webmaster@coinmarketdaddy.com,true
erotix.shop,webmaster@erotix.shop,true
mybodysymphony.com,webmaster@mybodysymphony.com,true
gtrbacklinks.com,webmaster@gtrbacklinks.com,true
portofcc.com,webmaster@portofcc.com,true
helloadorn.com,webmaster@helloadorn.com,true
mdrehab.org,webmaster@mdrehab.org,true
barcodesupplies.com,webmaster@barcodesupplies.com,true
globaltourindia.com,webmaster@globaltourindia.com,true
pvstream.com,webmaster@pvstream.com,true
lucacattoi.it,webmaster@lucacattoi.it,true
formsmedjan.se,webmaster@formsmedjan.se,true
demartinodesign.com,webmaster@demartinodesign.com,true
cherlynnsherman.com,webmaster@cherlynnsherman.com,true
girlceoinc.com,webmaster@girlceoinc.com,true
frankelsjuvenile.com,webmaster@frankelsjuvenile.com,true
weber-timmerwerken.nl,webmaster@weber-timmerwerken.nl,true
trend-bags.com,webmaster@trend-bags.com,true
beraphael.com,webmaster@beraphael.com,true
disco30a.com,webmaster@disco30a.com,true
engageable.net,webmaster@engageable.net,true
filmvantage.com,webmaster@filmvantage.com,true
lexdistrictumc.org,webmaster@lexdistrictumc.org,true
loccospace.com,webmaster@loccospace.com,true
tinytoyco.com,webmaster@tinytoyco.com,true
monumentalproducts.com,webmaster@monumentalproducts.com,true
olympiamare.com,webmaster@olympiamare.com,true
progamesworld.com,webmaster@progamesworld.com,true
mosokna.ru,webmaster@mosokna.ru,true
bimstockholm.se,webmaster@bimstockholm.se,true
homeintheadirondacks.com,webmaster@homeintheadirondacks.com,true
gasser-huetten.com,webmaster@gasser-huetten.com,true
bluejeanbaby.com,webmaster@bluejeanbaby.com,true
squidfactor.com,webmaster@squidfactor.com,true
intotheblueart.com,webmaster@intotheblueart.com,true
bensells.com,webmaster@bensells.com,true
burningflipside.com,webmaster@burningflipside.com,true
westparkmall.com,webmaster@westparkmall.com,true
megamixradio.fr,webmaster@megamixradio.fr,true
onecall.no,webmaster@onecall.no,true
fleurdevici.com,webmaster@fleurdevici.com,true
reliablerv.com,webmaster@reliablerv.com,true
vandesteppe.com,webmaster@vandesteppe.com,true
amethystbliss.com,webmaster@amethystbliss.com,true
darlazontv.com,webmaster@darlazontv.com,true
astronomie-im-chiemgau.de,webmaster@astronomie-im-chiemgau.de,true
lirescan.me,webmaster@lirescan.me,true
videoart.net,webmaster@videoart.net,true
checkrepost.com,webmaster@checkrepost.com,true
sizes.com,webmaster@sizes.com,true
67avenue.com,webmaster@67avenue.com,true
afterlifeparanormal.com,webmaster@afterlifeparanormal.com,true
scripter.co,webmaster@scripter.co,true
lizzylanefarm.com,webmaster@lizzylanefarm.com,true
wohnzauber-halle.de,webmaster@wohnzauber-halle.de,true
architectsmart.com,webmaster@architectsmart.com,true
luganofoodandwalk.ch,webmaster@luganofoodandwalk.ch,true
pepinieres-schmitz.lu,webmaster@pepinieres-schmitz.lu,true
madnessroulette.net,webmaster@madnessroulette.net,true
air-neo.com,webmaster@air-neo.com,true
kilsslakteri.se,webmaster@kilsslakteri.se,true
minori-group.com,webmaster@minori-group.com,true
cynthiagale.com,webmaster@cynthiagale.com,true
bednos.com,webmaster@bednos.com,true
singlespot.com,webmaster@singlespot.com,true
mpcsupply.com,webmaster@mpcsupply.com,true
mywism.com,webmaster@mywism.com,true
sartori-costruzioni.com,webmaster@sartori-costruzioni.com,true
publilegal.fr,webmaster@publilegal.fr,true
oomphagency.com,webmaster@oomphagency.com,true
technogoober.com,webmaster@technogoober.com,true
trzecieoko.pl,webmaster@trzecieoko.pl,true
justinfortmann.com,webmaster@justinfortmann.com,true
tgarts.com,webmaster@tgarts.com,true
dgtl-factory.com,webmaster@dgtl-factory.com,true
slayedbyten.com,webmaster@slayedbyten.com,true
sturmanddrang.net,webmaster@sturmanddrang.net,true
barbaramotter.com,webmaster@barbaramotter.com,true
eautoclub.com,webmaster@eautoclub.com,true
ddriessen.com,webmaster@ddriessen.com,true
savyuk.ru,webmaster@savyuk.ru,true
shopcopperpenny.com,webmaster@shopcopperpenny.com,true
praxonomy.com,webmaster@praxonomy.com,true
ahum.se,webmaster@ahum.se,true
opraseno.cz,webmaster@opraseno.cz,true
americot.com,webmaster@americot.com,true
wasserwelten.net,webmaster@wasserwelten.net,true
captainsnautical.com,webmaster@captainsnautical.com,true
palmerfamilyandfriends.com,webmaster@palmerfamilyandfriends.com,true
xn--80ajbsbklhjftf.xn--p1ai,webmaster@xn--80ajbsbklhjftf.xn--p1ai,true
paradigmapparel.com,webmaster@paradigmapparel.com,true
betonunion.cz,webmaster@betonunion.cz,true
graphart.hu,webmaster@graphart.hu,true
welwel.jp,webmaster@welwel.jp,true
steeltoughcontainers.com,webmaster@steeltoughcontainers.com,true
bottleadvice.com,webmaster@bottleadvice.com,true
ropescourses.eu,webmaster@ropescourses.eu,true
kupinaklik.com,webmaster@kupinaklik.com,true
