danlawrie.com,webmaster@danlawrie.com,false
spectrservice.com,webmaster@spectrservice.com,false
senkronbilisim.net,webmaster@senkronbilisim.net,false
xn--34-6kc8dubu.xn--p1ai,webmaster@xn--34-6kc8dubu.xn--p1ai,false
legatsiden.no,webmaster@legatsiden.no,false
lesolher.fr,webmaster@lesolher.fr,false
implantstom-clinic.ru,webmaster@implantstom-clinic.ru,false
cantleypsychotherapy.com,webmaster@cantleypsychotherapy.com,false
quizn.jp,webmaster@quizn.jp,false
fablet-tafoto.fr,webmaster@fablet-tafoto.fr,false
tantatan-musashiyrawa.com,webmaster@tantatan-musashiyrawa.com,false
gamroma.it,webmaster@gamroma.it,false
phukienotomazda.com,webmaster@phukienotomazda.com,false
seikouibuki.jp,webmaster@seikouibuki.jp,false
pruvodcekarierou.cz,webmaster@pruvodcekarierou.cz,false
beautykaza.com,webmaster@beautykaza.com,false
bialogics.com,webmaster@bialogics.com,false
ordercial.com,webmaster@ordercial.com,false
lksshop.de,webmaster@lksshop.de,false
8723dental.com,webmaster@8723dental.com,false
exmouthbaptistchurch.org,webmaster@exmouthbaptistchurch.org,false
chinastudyagency.com,webmaster@chinastudyagency.com,false
g8cw.cn,webmaster@g8cw.cn,false
eci-pec.rs,webmaster@eci-pec.rs,false
in-vitro.dk,webmaster@in-vitro.dk,false
jeskieausoleil.com,webmaster@jeskieausoleil.com,false
karate-team.de,webmaster@karate-team.de,false
ingbert-liebing.de,webmaster@ingbert-liebing.de,false
forumtwilight.com,webmaster@forumtwilight.com,false
drillingshop.ru,webmaster@drillingshop.ru,false
olympiahotelvalencia.com,webmaster@olympiahotelvalencia.com,false
suncli.com,webmaster@suncli.com,false
patentlybay.com,webmaster@patentlybay.com,false
businesscoach.com,webmaster@businesscoach.com,false
e-hurtowniabudowlana.pl,webmaster@e-hurtowniabudowlana.pl,false
montreal-maconnerie.com,webmaster@montreal-maconnerie.com,false
saveahornyfriend.org,webmaster@saveahornyfriend.org,false
bio-sinensis.com,webmaster@bio-sinensis.com,false
codebunker.org,webmaster@codebunker.org,false
zseq17d9wek.net,webmaster@zseq17d9wek.net,false
krakmasz.pl,webmaster@krakmasz.pl,false
goods-travel.ru,webmaster@goods-travel.ru,false
savealive.de,webmaster@savealive.de,false
mvsadnik.ru,webmaster@mvsadnik.ru,false
imaginesls.org,webmaster@imaginesls.org,false
heitech-arts.de,webmaster@heitech-arts.de,false
icelab.uk,webmaster@icelab.uk,false
pondtuna.com,webmaster@pondtuna.com,false
shlinrui.com,webmaster@shlinrui.com,false
maconnerie-merotto.com,webmaster@maconnerie-merotto.com,false
drmeckler.com,webmaster@drmeckler.com,false
buecherei-dellbrueck.de,webmaster@buecherei-dellbrueck.de,false
poznan-warszawa.pl,webmaster@poznan-warszawa.pl,false
summerlifeapartments.com,webmaster@summerlifeapartments.com,false
luciatarantola.eu,webmaster@luciatarantola.eu,false
thelerner.com,webmaster@thelerner.com,false
jansesoft.de,webmaster@jansesoft.de,false
worldgator.com,webmaster@worldgator.com,false
northcyprusdream.com,webmaster@northcyprusdream.com,false
co-creationz.nz,webmaster@co-creationz.nz,false
pfarrverband-wildschoenau.at,webmaster@pfarrverband-wildschoenau.at,false
cucuco.es,webmaster@cucuco.es,false
nashremahi.com,webmaster@nashremahi.com,false
dagenssoelvpris.dk,webmaster@dagenssoelvpris.dk,false
adl-lostallo.ch,webmaster@adl-lostallo.ch,false
vkem.tw,webmaster@vkem.tw,false
cvctee.com,webmaster@cvctee.com,false
xtechdoormasters.com,webmaster@xtechdoormasters.com,false
agm-fl.com,webmaster@agm-fl.com,false
campbowsers.com,webmaster@campbowsers.com,false
hausmartina.at,webmaster@hausmartina.at,false
realdrivewaypavers.com,webmaster@realdrivewaypavers.com,false
targyalok.hu,webmaster@targyalok.hu,false
antiochchurchofchrist.org,webmaster@antiochchurchofchrist.org,false
robrie.com,webmaster@robrie.com,false
type3registry.com,webmaster@type3registry.com,false
bemumdiy.com,webmaster@bemumdiy.com,false
stephanedeselle.com,webmaster@stephanedeselle.com,false
finewoolopt.ru,webmaster@finewoolopt.ru,false
imdesigngroup.com,webmaster@imdesigngroup.com,false
drjavaherian.com,webmaster@drjavaherian.com,false
kidmechanix.com,webmaster@kidmechanix.com,false
matchphotographers.com,webmaster@matchphotographers.com,false
liutukas.lt,webmaster@liutukas.lt,false
salentocasa.store,webmaster@salentocasa.store,false
aparthotellacontessa.com,webmaster@aparthotellacontessa.com,false
coersa-r.com,webmaster@coersa-r.com,false
laurasplans.com,webmaster@laurasplans.com,false
designerscornerlightingandantiques.com,webmaster@designerscornerlightingandantiques.com,false
atrea.lt,webmaster@atrea.lt,false
llitd.com,webmaster@llitd.com,false
espaijove.net,webmaster@espaijove.net,false
wayoflife.gr,webmaster@wayoflife.gr,false
dagensblest.com,webmaster@dagensblest.com,false
aficorin-0330.com,webmaster@aficorin-0330.com,false
semillerguitars.com,webmaster@semillerguitars.com,false
corradocrocerijudo.com,webmaster@corradocrocerijudo.com,false
norfolkterrier.cz,webmaster@norfolkterrier.cz,false
rankersclasses.com,webmaster@rankersclasses.com,false
bukmacherkawsieci.info,webmaster@bukmacherkawsieci.info,false
mattmcgee.net,webmaster@mattmcgee.net,false
aixin-bearing.com,webmaster@aixin-bearing.com,false
marczakcrystal.com,webmaster@marczakcrystal.com,false
geezbeezhoney.com,webmaster@geezbeezhoney.com,false
tagmentor.com,webmaster@tagmentor.com,false
javacioc.com,webmaster@javacioc.com,false
glassacad.com,webmaster@glassacad.com,false
vinkysport.ru,webmaster@vinkysport.ru,false
highendhustlers.com,webmaster@highendhustlers.com,false
hts-heiztechnik.at,webmaster@hts-heiztechnik.at,false
marukakougen-cc.jp,webmaster@marukakougen-cc.jp,false
tagesjump.ru,webmaster@tagesjump.ru,false
germandarioperez.com,webmaster@germandarioperez.com,false
drabek-vitraze.cz,webmaster@drabek-vitraze.cz,false
the-ecotarian.com,webmaster@the-ecotarian.com,false
szukamuslugi.com,webmaster@szukamuslugi.com,false
lakeshoregym.com,webmaster@lakeshoregym.com,false
thebestportraits.com,webmaster@thebestportraits.com,false
chattycrafting.com,webmaster@chattycrafting.com,false
elblogdelajesu.com,webmaster@elblogdelajesu.com,false
ltyonline.cn,webmaster@ltyonline.cn,false
vlaamsstripcentrum.shop,webmaster@vlaamsstripcentrum.shop,false
flyingfarmhouse.com,webmaster@flyingfarmhouse.com,false
performancemarketing.ir,webmaster@performancemarketing.ir,false
dairynews.gr,webmaster@dairynews.gr,false
stockholm2011.org,webmaster@stockholm2011.org,false
tomromito.com,webmaster@tomromito.com,false
alamedacountyindustries.com,webmaster@alamedacountyindustries.com,false
editionsimbernon.com,webmaster@editionsimbernon.com,false
hospice.md,webmaster@hospice.md,false
jenslachnerphotography.de,webmaster@jenslachnerphotography.de,false
evolvevideographytraining.com,webmaster@evolvevideographytraining.com,false
tukangsampahfiberstainless.com,webmaster@tukangsampahfiberstainless.com,false
marielakin.org,webmaster@marielakin.org,false
denasdoctor.ru,webmaster@denasdoctor.ru,false
kovovyroba-brazda.cz,webmaster@kovovyroba-brazda.cz,false
shab.it,webmaster@shab.it,false
thomasstubbs.com,webmaster@thomasstubbs.com,false
bioposuda.com,webmaster@bioposuda.com,false
julianhighschool.org,webmaster@julianhighschool.org,false
pteco.ru,webmaster@pteco.ru,false
cryptechstudios.com,webmaster@cryptechstudios.com,false
owaplan.nl,webmaster@owaplan.nl,false
t1ee.cn,webmaster@t1ee.cn,false
smilevideo.jp,webmaster@smilevideo.jp,false
inf4u.org,webmaster@inf4u.org,false
jozoara.com,webmaster@jozoara.com,false
rallyvanhetoerlandschap.nl,webmaster@rallyvanhetoerlandschap.nl,false
functionalmovementdisorder.com,webmaster@functionalmovementdisorder.com,false
ristoranteparadisofalconara.it,webmaster@ristoranteparadisofalconara.it,false
hbhv.be,webmaster@hbhv.be,false
hestoochat.ir,webmaster@hestoochat.ir,false
calmegard.se,webmaster@calmegard.se,false
grotnes.no,webmaster@grotnes.no,false
urbangrolab.nl,webmaster@urbangrolab.nl,false
hotsocks.at,webmaster@hotsocks.at,false
didierfaustino.com,webmaster@didierfaustino.com,false
dash-hotels.com,webmaster@dash-hotels.com,false
santateresaterrassa.org,webmaster@santateresaterrassa.org,false
xehbp.cn,webmaster@xehbp.cn,false
sfipresci.org,webmaster@sfipresci.org,false
paron.ch,webmaster@paron.ch,false
hospitalmaria.org,webmaster@hospitalmaria.org,false
cnbshop.com,webmaster@cnbshop.com,false
patrimoniotoledo.com,webmaster@patrimoniotoledo.com,false
spectralight.ca,webmaster@spectralight.ca,false
greenstepschatt.com,webmaster@greenstepschatt.com,false
muzeulmures.ro,webmaster@muzeulmures.ro,false
franz-obermeier.de,webmaster@franz-obermeier.de,false
pllngy.com,webmaster@pllngy.com,false
baybridgehomes.com,webmaster@baybridgehomes.com,false
clearights.net,webmaster@clearights.net,false
prander.ru,webmaster@prander.ru,false
torrevadovacanze.com,webmaster@torrevadovacanze.com,false
cornishcrabber.eu,webmaster@cornishcrabber.eu,false
ipulse-group.com,webmaster@ipulse-group.com,false
leoblokhuis.nl,webmaster@leoblokhuis.nl,false
bmsti.com,webmaster@bmsti.com,false
busmap.info,webmaster@busmap.info,false
fifthcenturymusic.com,webmaster@fifthcenturymusic.com,false
whereiswhatnow.com,webmaster@whereiswhatnow.com,false
gasteizcalling.com,webmaster@gasteizcalling.com,false
kiavalbelair.com,webmaster@kiavalbelair.com,false
skycityentertainmentgroup.com,webmaster@skycityentertainmentgroup.com,false
clarabartonmuseum.org,webmaster@clarabartonmuseum.org,false
richardmcdonald.ca,webmaster@richardmcdonald.ca,false
echocdcenter.com,webmaster@echocdcenter.com,false
homestudiolessons.com,webmaster@homestudiolessons.com,false
xcessnews.com,webmaster@xcessnews.com,false
troublemakingpunk.org,webmaster@troublemakingpunk.org,false
wijkraadstevenshof.nl,webmaster@wijkraadstevenshof.nl,false
e2mp.com,webmaster@e2mp.com,false
ship60.com,webmaster@ship60.com,false
surveyguide.xyz,webmaster@surveyguide.xyz,false
randywisedurand.net,webmaster@randywisedurand.net,false
pvmit.com,webmaster@pvmit.com,false
yuniqueonline.com,webmaster@yuniqueonline.com,false
riverregionfamily.com,webmaster@riverregionfamily.com,false
powergatesoftware.com,webmaster@powergatesoftware.com,false
aibo-freunde.de,webmaster@aibo-freunde.de,false
rope-bondage.com,webmaster@rope-bondage.com,false
lostjewellery.com,webmaster@lostjewellery.com,false
tsujimotter.info,webmaster@tsujimotter.info,false
xiaosbao.com,webmaster@xiaosbao.com,false
ogmeg.com,webmaster@ogmeg.com,false
clinic-kaigyo.com,webmaster@clinic-kaigyo.com,false
ondeimovel.com,webmaster@ondeimovel.com,false
cai-sa.net,webmaster@cai-sa.net,false
zooadvisors.com,webmaster@zooadvisors.com,false
studiolegalecinelli.it,webmaster@studiolegalecinelli.it,false
terramagra.com,webmaster@terramagra.com,false
rajamobie.com,webmaster@rajamobie.com,false
revistainternacionaldelmundoeconomicoydelderecho.net,webmaster@revistainternacionaldelmundoeconomicoydelderecho.net,false
andyspublishers.com,webmaster@andyspublishers.com,false
gambling666.com,webmaster@gambling666.com,false
airden.eu,webmaster@airden.eu,false
jokado.lt,webmaster@jokado.lt,false
aixaamankay.com,webmaster@aixaamankay.com,false
channel5belize.com,webmaster@channel5belize.com,false
trouvaillemoncher.com,webmaster@trouvaillemoncher.com,false
motors24.ee,webmaster@motors24.ee,false
motoba.gr,webmaster@motoba.gr,false
voyage-matsuyama.com,webmaster@voyage-matsuyama.com,false
quincymediacareers.com,webmaster@quincymediacareers.com,false
draculatheunconquered.com,webmaster@draculatheunconquered.com,false
waldorfpaedagogisches-zentrum-diez.de,webmaster@waldorfpaedagogisches-zentrum-diez.de,false
umgreen.com,webmaster@umgreen.com,false
obsdewierde.nl,webmaster@obsdewierde.nl,false
mustdejidvei.ro,webmaster@mustdejidvei.ro,false
albertobasterra.com,webmaster@albertobasterra.com,false
montegobayvegas.com,webmaster@montegobayvegas.com,false
5-1-2.com,webmaster@5-1-2.com,false
trinknahrung.shop,webmaster@trinknahrung.shop,false
essen-kunst-musik.de,webmaster@essen-kunst-musik.de,false
pladebesos.es,webmaster@pladebesos.es,false
hrsaddlery.com,webmaster@hrsaddlery.com,false
jmus.eu,webmaster@jmus.eu,false
xsjscz.com,webmaster@xsjscz.com,false
armage.org,webmaster@armage.org,false
rollinsart.com,webmaster@rollinsart.com,false
silander.uk,webmaster@silander.uk,false
conservativepatriothq.com,webmaster@conservativepatriothq.com,false
soundsignature.net,webmaster@soundsignature.net,false
dmarc.io,webmaster@dmarc.io,false
ipa-library.com,webmaster@ipa-library.com,false
ristorantepecoranera.com,webmaster@ristorantepecoranera.com,false
96519.net,webmaster@96519.net,false
playground10.info,webmaster@playground10.info,false
xshidaish.com,webmaster@xshidaish.com,false
vikingspringkastelen.be,webmaster@vikingspringkastelen.be,false
detaupeur.com,webmaster@detaupeur.com,false
cablecommunityfarm.org,webmaster@cablecommunityfarm.org,false
73stolb.ru,webmaster@73stolb.ru,false
ustanovka-teploobmennika.ru,webmaster@ustanovka-teploobmennika.ru,false
sexworkersrightscommunity.org,webmaster@sexworkersrightscommunity.org,false
rescueroad.org,webmaster@rescueroad.org,false
mipdoc.com,webmaster@mipdoc.com,false
nasmati.com,webmaster@nasmati.com,false
pckennis.nl,webmaster@pckennis.nl,false
thewellsanantonio.com,webmaster@thewellsanantonio.com,false
beleneslaravid.com,webmaster@beleneslaravid.com,false
opatka.sk,webmaster@opatka.sk,false
creditalliance.eu,webmaster@creditalliance.eu,false
eightron.tokyo,webmaster@eightron.tokyo,false
trinesnaturpaedagogiskepp.dk,webmaster@trinesnaturpaedagogiskepp.dk,false
cshop.gr,webmaster@cshop.gr,false
establishedandsons.com,webmaster@establishedandsons.com,false
quattrozampexpo.it,webmaster@quattrozampexpo.it,false
parthvalves.com,webmaster@parthvalves.com,false
schoonmaakbedrijf020.nl,webmaster@schoonmaakbedrijf020.nl,false
photo-abc-de.com,webmaster@photo-abc-de.com,false
robotinside13.com,webmaster@robotinside13.com,false
adelgazarrapidodietas.com,webmaster@adelgazarrapidodietas.com,false
eastbaypreschools.com,webmaster@eastbaypreschools.com,false
sustainablehomes.com,webmaster@sustainablehomes.com,false
blogcarmensilva.com,webmaster@blogcarmensilva.com,false
capecentralband.com,webmaster@capecentralband.com,false
oore.ca,webmaster@oore.ca,false
sk-hotels.com,webmaster@sk-hotels.com,false
durangoeuskaltegia.eus,webmaster@durangoeuskaltegia.eus,false
face-art-paris.org,webmaster@face-art-paris.org,false
firstdefenserescue.com,webmaster@firstdefenserescue.com,false
toplast.ru,webmaster@toplast.ru,false
aksatrade.com,webmaster@aksatrade.com,false
simmonsgleek.com,webmaster@simmonsgleek.com,false
ghoracoffee.com,webmaster@ghoracoffee.com,false
fintaxinfo.in,webmaster@fintaxinfo.in,false
fernandorocha.com,webmaster@fernandorocha.com,false
alivetangovictoria.ca,webmaster@alivetangovictoria.ca,false
esute-ami.jp,webmaster@esute-ami.jp,false
northwoodseeds.com,webmaster@northwoodseeds.com,false
shadowplays.com,webmaster@shadowplays.com,false
tommiyake.com,webmaster@tommiyake.com,false
sdscribe.com,webmaster@sdscribe.com,false
tipe.io,webmaster@tipe.io,false
olbiaairport.net,webmaster@olbiaairport.net,false
ram-blog.com,webmaster@ram-blog.com,false
globalview.be,webmaster@globalview.be,false
stmichaelcp.org,webmaster@stmichaelcp.org,false
yenigazetem.net,webmaster@yenigazetem.net,false
hxfs888.com,webmaster@hxfs888.com,false
kokokinderopvang.nl,webmaster@kokokinderopvang.nl,false
rominasaloustrou.gr,webmaster@rominasaloustrou.gr,false
mrs-o-c.com,webmaster@mrs-o-c.com,false
horizoned.ca,webmaster@horizoned.ca,false
tsuredurechildren.com,webmaster@tsuredurechildren.com,false
techniquainfo.cf,webmaster@techniquainfo.cf,false
vakantietip.eu,webmaster@vakantietip.eu,false
zootpublishing.com,webmaster@zootpublishing.com,false
persianatheist.com,webmaster@persianatheist.com,false
he0551.com,webmaster@he0551.com,false
fzmt.ru,webmaster@fzmt.ru,false
ostrozskoas.cz,webmaster@ostrozskoas.cz,false
topsizegeneticsreviews.com,webmaster@topsizegeneticsreviews.com,false
arlexclocks.com,webmaster@arlexclocks.com,false
djplie.com,webmaster@djplie.com,false
jds-scholarship.org,webmaster@jds-scholarship.org,false
noticias365.net,webmaster@noticias365.net,false
pitstopopwijk.be,webmaster@pitstopopwijk.be,false
gts-huerth.de,webmaster@gts-huerth.de,false
realestatedayton.com,webmaster@realestatedayton.com,false
odchudzaniewpigulce.pl,webmaster@odchudzaniewpigulce.pl,false
myown2sense.com,webmaster@myown2sense.com,false
sterlingoffice.com,webmaster@sterlingoffice.com,false
ashlintech.com,webmaster@ashlintech.com,false
zanshinofcny.com,webmaster@zanshinofcny.com,false
negusfamily.net,webmaster@negusfamily.net,false
haiyamaru.net,webmaster@haiyamaru.net,false
ariseministries.org,webmaster@ariseministries.org,false
paroissesvp.fr,webmaster@paroissesvp.fr,false
americanrodeo.com,webmaster@americanrodeo.com,false
svveli.com,webmaster@svveli.com,false
medicina-chinesa.org,webmaster@medicina-chinesa.org,false
zvpod.com,webmaster@zvpod.com,false
82.17,webmaster@82.17,false
playroulettexonline.org,webmaster@playroulettexonline.org,false
mikeince.com,webmaster@mikeince.com,false
srgfunds.com,webmaster@srgfunds.com,false
china-ukraine.info,webmaster@china-ukraine.info,false
secretlynx.com,webmaster@secretlynx.com,false
vukmircetic.com,webmaster@vukmircetic.com,false
wirelessefficiency.cn,webmaster@wirelessefficiency.cn,false
headcoachsports.com,webmaster@headcoachsports.com,false
tdpshu.org,webmaster@tdpshu.org,false
inamerica.us,webmaster@inamerica.us,false
exiin.com,webmaster@exiin.com,false
jiejiede.com,webmaster@jiejiede.com,false
danahomeland.vn,webmaster@danahomeland.vn,false
apartamentosturisticosmurallaziri.com,webmaster@apartamentosturisticosmurallaziri.com,false
eastonecapital.com,webmaster@eastonecapital.com,false
stmartinsprov.org,webmaster@stmartinsprov.org,false
fksloboda.rs,webmaster@fksloboda.rs,false
bb-beurs.nl,webmaster@bb-beurs.nl,false
valenciasurgery.com,webmaster@valenciasurgery.com,false
machinerypark.in,webmaster@machinerypark.in,false
redmasvos.org,webmaster@redmasvos.org,false
tv-system.info,webmaster@tv-system.info,false
codinggouter.org,webmaster@codinggouter.org,false
getthoselyrics.com,webmaster@getthoselyrics.com,false
tysonfoodscareers.com,webmaster@tysonfoodscareers.com,false
autobedrijfberendsen.nl,webmaster@autobedrijfberendsen.nl,false
veilingenfaillissement.be,webmaster@veilingenfaillissement.be,false
blablarecord.com,webmaster@blablarecord.com,false
cscasting.com,webmaster@cscasting.com,false
cheapabercrombiesoutlets.com,webmaster@cheapabercrombiesoutlets.com,false
experis.pe,webmaster@experis.pe,false
spazioconsumatore.it,webmaster@spazioconsumatore.it,false
radardeldragon.com,webmaster@radardeldragon.com,false
la-luce.net,webmaster@la-luce.net,false
vip-weapon.ru,webmaster@vip-weapon.ru,false
baseballchimp.com,webmaster@baseballchimp.com,false
feuerwehr-lohne.de,webmaster@feuerwehr-lohne.de,false
hbnet.cz,webmaster@hbnet.cz,false
hokkaido-garden.com,webmaster@hokkaido-garden.com,false
av-car.ru,webmaster@av-car.ru,false
daveparkerecolodge.ws,webmaster@daveparkerecolodge.ws,false
themermaidinthegherkinjar.com,webmaster@themermaidinthegherkinjar.com,false
paracelsus-apotheke-ge.de,webmaster@paracelsus-apotheke-ge.de,false
thecasinoscity.fr,webmaster@thecasinoscity.fr,false
diemernieuws.nl,webmaster@diemernieuws.nl,false
rent4fun.be,webmaster@rent4fun.be,false
geschenkpakket.nl,webmaster@geschenkpakket.nl,false
1454957.com,webmaster@1454957.com,false
plotsaver.com,webmaster@plotsaver.com,false
myzucca.com,webmaster@myzucca.com,false
vetsprevail.org,webmaster@vetsprevail.org,false
westyorkshireobservatory.org,webmaster@westyorkshireobservatory.org,false
wsdco.org,webmaster@wsdco.org,false
beyerstudio.com,webmaster@beyerstudio.com,false
d2camo.com,webmaster@d2camo.com,false
yasn-zori.ru,webmaster@yasn-zori.ru,false
sportsbutcher.com,webmaster@sportsbutcher.com,false
eveselis.com,webmaster@eveselis.com,false
induction-cooker.net,webmaster@induction-cooker.net,false
poweredgemarketinggroup.com,webmaster@poweredgemarketinggroup.com,false
coyotecompagnie.com,webmaster@coyotecompagnie.com,false
twindisc.it,webmaster@twindisc.it,false
juravel-teplohod.ru,webmaster@juravel-teplohod.ru,false
thai-kickboxing.de,webmaster@thai-kickboxing.de,false
internet2u.ru,webmaster@internet2u.ru,false
mearimark.com,webmaster@mearimark.com,false
kelumac.com,webmaster@kelumac.com,false
intimshop.kz,webmaster@intimshop.kz,false
top4fitness.ro,webmaster@top4fitness.ro,false
melihtorlak.com,webmaster@melihtorlak.com,false
bengawanpost.com,webmaster@bengawanpost.com,false
lesbienne18.com,webmaster@lesbienne18.com,false
akvastat.ru,webmaster@akvastat.ru,false
chintimini.org,webmaster@chintimini.org,false
magnitodigital.com,webmaster@magnitodigital.com,false
plume-assistance.fr,webmaster@plume-assistance.fr,false
miia.fi,webmaster@miia.fi,false
kristian1000.cz,webmaster@kristian1000.cz,false
ifwd-sport.de,webmaster@ifwd-sport.de,false
reisenhofer.info,webmaster@reisenhofer.info,false
renatafono.com,webmaster@renatafono.com,false
thewileyshow.com,webmaster@thewileyshow.com,false
cafesmitenvoogt.nl,webmaster@cafesmitenvoogt.nl,false
ladyglamour.it,webmaster@ladyglamour.it,false
ineditar.pt,webmaster@ineditar.pt,false
borneobaby.com,webmaster@borneobaby.com,false
penuliskreatif.com,webmaster@penuliskreatif.com,false
ewb.fi,webmaster@ewb.fi,false
bbcspb.com,webmaster@bbcspb.com,false
envisens.com,webmaster@envisens.com,false
fitness-nutrition.by,webmaster@fitness-nutrition.by,false
ksh-hufeisen.de,webmaster@ksh-hufeisen.de,false
hsag.com,webmaster@hsag.com,false
wiv-apotheker.de,webmaster@wiv-apotheker.de,false
jugendinnovativ.at,webmaster@jugendinnovativ.at,false
moremicro.com,webmaster@moremicro.com,false
kinder-kleding.nl,webmaster@kinder-kleding.nl,false
momsfavoritestuff.com,webmaster@momsfavoritestuff.com,false
fantastica-pomeranian.cz,webmaster@fantastica-pomeranian.cz,false
supergirl.tv,webmaster@supergirl.tv,false
hoevedemeijsberg.nl,webmaster@hoevedemeijsberg.nl,false
amrmoto.com,webmaster@amrmoto.com,false
blaafall.no,webmaster@blaafall.no,false
myjmcfilms.com,webmaster@myjmcfilms.com,false
smproths.org,webmaster@smproths.org,false
residenceverdeblu.it,webmaster@residenceverdeblu.it,false
ukauctioneers.com,webmaster@ukauctioneers.com,false
as-tor.pl,webmaster@as-tor.pl,false
colabti.org,webmaster@colabti.org,false
gymshoesmusic.com,webmaster@gymshoesmusic.com,false
intelligentvaegttab.dk,webmaster@intelligentvaegttab.dk,false
edkal.com,webmaster@edkal.com,false
kremerhv.de,webmaster@kremerhv.de,false
padev.nl,webmaster@padev.nl,false
tvpcommunications.com,webmaster@tvpcommunications.com,false
kannuksenlihakauppa.fi,webmaster@kannuksenlihakauppa.fi,false
haircutmene126thcarmelin.com,webmaster@haircutmene126thcarmelin.com,false
olivertheworld.com,webmaster@olivertheworld.com,false
functionalmedicinesite.com,webmaster@functionalmedicinesite.com,false
jwfltd.com,webmaster@jwfltd.com,false
punjabinfoline.com,webmaster@punjabinfoline.com,false
bartonleclayparishcouncil.com,webmaster@bartonleclayparishcouncil.com,false
truequeshop.es,webmaster@truequeshop.es,false
buy-xiaomi.com,webmaster@buy-xiaomi.com,false
thirdmondaytradedays.com,webmaster@thirdmondaytradedays.com,false
asessippibeach.com,webmaster@asessippibeach.com,false
cefiac.fr,webmaster@cefiac.fr,false
hoogervorstmakelaardij.nl,webmaster@hoogervorstmakelaardij.nl,false
isabelle-blanchard-avocats.fr,webmaster@isabelle-blanchard-avocats.fr,false
starmedianusantara.com,webmaster@starmedianusantara.com,false
domainedelacoudouliere.com,webmaster@domainedelacoudouliere.com,false
campstyle.jp,webmaster@campstyle.jp,false
rouwcenter.eu,webmaster@rouwcenter.eu,false
sinyol.org,webmaster@sinyol.org,false
seikatsuhonpo.com,webmaster@seikatsuhonpo.com,false
acceleratebrevard.com,webmaster@acceleratebrevard.com,false
deannesmith.com,webmaster@deannesmith.com,false
slackorama.com,webmaster@slackorama.com,false
doitenfanpage.info,webmaster@doitenfanpage.info,false
ortakaraba.com,webmaster@ortakaraba.com,false
catfishedge.com,webmaster@catfishedge.com,false
fatherdaughterbookclub.com,webmaster@fatherdaughterbookclub.com,false
enterabio.com,webmaster@enterabio.com,false
elmertoft-foto.se,webmaster@elmertoft-foto.se,false
thegkgroup.com,webmaster@thegkgroup.com,false
riesbrothers.com,webmaster@riesbrothers.com,false
kaufmannspirits.com,webmaster@kaufmannspirits.com,false
rentaboat.net,webmaster@rentaboat.net,false
xn--b1ajehof.xn--80asehdb,webmaster@xn--b1ajehof.xn--80asehdb,false
vfassembly.org,webmaster@vfassembly.org,false
lineaverdepalasderei.es,webmaster@lineaverdepalasderei.es,false
dat.net,webmaster@dat.net,false
chiorinotechnology.com,webmaster@chiorinotechnology.com,false
studium-schweiz.ch,webmaster@studium-schweiz.ch,false
xn--u8jya2lu06k4lkk2dc6be37ep5yc.xyz,webmaster@xn--u8jya2lu06k4lkk2dc6be37ep5yc.xyz,false
danroberts.com,webmaster@danroberts.com,false
sprc.ru,webmaster@sprc.ru,false
diekraeftigenmaenner.de,webmaster@diekraeftigenmaenner.de,false
psychoterapie-tyl.cz,webmaster@psychoterapie-tyl.cz,false
sibaritasgrow.es,webmaster@sibaritasgrow.es,false
hibook.me,webmaster@hibook.me,false
xn--eck3a2bze7gz54q2elp6m.com,webmaster@xn--eck3a2bze7gz54q2elp6m.com,false
kwiaciarnia-kamionki.pl,webmaster@kwiaciarnia-kamionki.pl,false
soft-hard-ritsumei.jp,webmaster@soft-hard-ritsumei.jp,false
wallenberg.com,webmaster@wallenberg.com,false
allthingslovedblog.com,webmaster@allthingslovedblog.com,false
nyaprs.org,webmaster@nyaprs.org,false
skywirecash.com,webmaster@skywirecash.com,false
envisagecloud.com,webmaster@envisagecloud.com,false
wraps-wrexham.org,webmaster@wraps-wrexham.org,false
martania.com,webmaster@martania.com,false
b2-4ac.info,webmaster@b2-4ac.info,false
d3v0.de,webmaster@d3v0.de,false
lakemerrittdental.com,webmaster@lakemerrittdental.com,false
obukhiv.info,webmaster@obukhiv.info,false
penzalpu.ru,webmaster@penzalpu.ru,false
toyota-harth-heustreu.de,webmaster@toyota-harth-heustreu.de,false
pinjamanuangbandung.net,webmaster@pinjamanuangbandung.net,false
tchakayiti.com,webmaster@tchakayiti.com,false
softwaretestingtraininginchennai.com,webmaster@softwaretestingtraininginchennai.com,false
despreseriale.online,webmaster@despreseriale.online,false
thespiritualbloke.com,webmaster@thespiritualbloke.com,false
bibishmumbu.com,webmaster@bibishmumbu.com,false
code347.com,webmaster@code347.com,false
onevoicenow.org,webmaster@onevoicenow.org,false
famobiotech.com,webmaster@famobiotech.com,false
berardway.com,webmaster@berardway.com,false
servia.fi,webmaster@servia.fi,false
ervedeperman.nl,webmaster@ervedeperman.nl,false
circusfamily.com,webmaster@circusfamily.com,false
las-craberes.fr,webmaster@las-craberes.fr,false
nexcellglobal.com,webmaster@nexcellglobal.com,false
mousikart.gr,webmaster@mousikart.gr,false
casopis-ink.cz,webmaster@casopis-ink.cz,false
iracc.org,webmaster@iracc.org,false
aneej.org,webmaster@aneej.org,false
terpuglia.it,webmaster@terpuglia.it,false
4uchat.ir,webmaster@4uchat.ir,false
rk-vechta.de,webmaster@rk-vechta.de,false
dominikafetras.com,webmaster@dominikafetras.com,false
ds31f3penza.ru,webmaster@ds31f3penza.ru,false
secondglancephotography.com,webmaster@secondglancephotography.com,false
hmseb.com,webmaster@hmseb.com,false
tc-allround.de,webmaster@tc-allround.de,false
magnumcellars.ca,webmaster@magnumcellars.ca,false
kosugi-lawoffice.jp,webmaster@kosugi-lawoffice.jp,false
bermueller-niemeyer.de,webmaster@bermueller-niemeyer.de,false
rehema.be,webmaster@rehema.be,false
thaoduocsinhphuong.com,webmaster@thaoduocsinhphuong.com,false
carrerasguadalajara.com,webmaster@carrerasguadalajara.com,false
david-moran.com,webmaster@david-moran.com,false
tooptarinmusic.com,webmaster@tooptarinmusic.com,false
voteks.org,webmaster@voteks.org,false
sxyqkyzzh.com,webmaster@sxyqkyzzh.com,false
minogashi-vod.work,webmaster@minogashi-vod.work,false
dpunilab.by,webmaster@dpunilab.by,false
mydogannet.com,webmaster@mydogannet.com,false
eski.jp,webmaster@eski.jp,false
twohungrypeople.com,webmaster@twohungrypeople.com,false
georgeschlesinger.org,webmaster@georgeschlesinger.org,false
caminosantiagoroncesvalles.com,webmaster@caminosantiagoroncesvalles.com,false
ecogood.de,webmaster@ecogood.de,false
ilcircolo.be,webmaster@ilcircolo.be,false
friendlydb.com,webmaster@friendlydb.com,false
buddhaweekly.com,webmaster@buddhaweekly.com,false
transcendentcounsel.com,webmaster@transcendentcounsel.com,false
hd-west.com,webmaster@hd-west.com,false
studiostyle.jp,webmaster@studiostyle.jp,false
gazipasaflughafen-transfer.com,webmaster@gazipasaflughafen-transfer.com,false
medizentrum-neumann.de,webmaster@medizentrum-neumann.de,false
sigintos.com,webmaster@sigintos.com,false
merad.nl,webmaster@merad.nl,false
sinclairsfurnitureandappliance.com,webmaster@sinclairsfurnitureandappliance.com,false
wvrosandehoogte.nl,webmaster@wvrosandehoogte.nl,false
tablakatabla.com,webmaster@tablakatabla.com,false
aerialyogateachertraining.com,webmaster@aerialyogateachertraining.com,false
taakeinsuranceagency.com,webmaster@taakeinsuranceagency.com,false
charpente-peltier.fr,webmaster@charpente-peltier.fr,false
cckk.com,webmaster@cckk.com,false
ttmath.org,webmaster@ttmath.org,false
radomira.ru,webmaster@radomira.ru,false
zona531.by,webmaster@zona531.by,false
7serials.ru,webmaster@7serials.ru,false
familiemariens.org,webmaster@familiemariens.org,false
dronehubmedia.com,webmaster@dronehubmedia.com,false
customlandscapeandirrigationinc.com,webmaster@customlandscapeandirrigationinc.com,false
innosolar.cn,webmaster@innosolar.cn,false
livinghopemd.com,webmaster@livinghopemd.com,false
navigointivaruste.fi,webmaster@navigointivaruste.fi,false
degolf.org,webmaster@degolf.org,false
hemasehsiyasi.com,webmaster@hemasehsiyasi.com,false
shopping-seen.ch,webmaster@shopping-seen.ch,false
erzieherspickzettel.de,webmaster@erzieherspickzettel.de,false
aliejus.com,webmaster@aliejus.com,false
resoundingpower.com,webmaster@resoundingpower.com,false
softsunday.com,webmaster@softsunday.com,false
bettendorfjobs.com,webmaster@bettendorfjobs.com,false
allamericanstoneandturf.com,webmaster@allamericanstoneandturf.com,false
elettrotecnicaventurini.com,webmaster@elettrotecnicaventurini.com,false
geekandgorgeous.hu,webmaster@geekandgorgeous.hu,false
expedition-media.com,webmaster@expedition-media.com,false
metodo-solere.com,webmaster@metodo-solere.com,false
acbpinc.org,webmaster@acbpinc.org,false
estradasdeportugal.pt,webmaster@estradasdeportugal.pt,false
heurigenkrustetten.at,webmaster@heurigenkrustetten.at,false
mihor.sk,webmaster@mihor.sk,false
areollub.com,webmaster@areollub.com,false
learning-animals.org,webmaster@learning-animals.org,false
larutalifestyle.com,webmaster@larutalifestyle.com,false
bethmarlin.com,webmaster@bethmarlin.com,false
navajopost.org,webmaster@navajopost.org,false
lucindalanthier.ca,webmaster@lucindalanthier.ca,false
eshop.is,webmaster@eshop.is,false
escortguangzhou.cn,webmaster@escortguangzhou.cn,false
zhiyuew.com,webmaster@zhiyuew.com,false
delcinealhospital.com,webmaster@delcinealhospital.com,false
valleks.ru,webmaster@valleks.ru,false
thedogparty.co,webmaster@thedogparty.co,false
alanmalavoltilaw.com,webmaster@alanmalavoltilaw.com,false
prijsreus.nl,webmaster@prijsreus.nl,false
festivalvajouerdehors.com,webmaster@festivalvajouerdehors.com,false
nakineko.com,webmaster@nakineko.com,false
kapellbruecke-luzern.ch,webmaster@kapellbruecke-luzern.ch,false
catjokes.net,webmaster@catjokes.net,false
tlrmagyarorszag.hu,webmaster@tlrmagyarorszag.hu,false
pongfu.com,webmaster@pongfu.com,false
sanaburi.net,webmaster@sanaburi.net,false
lesvillagestinchebrayens.fr,webmaster@lesvillagestinchebrayens.fr,false
gemeinde-windbergen.de,webmaster@gemeinde-windbergen.de,false
robinspano.com,webmaster@robinspano.com,false
betterbayarea.org,webmaster@betterbayarea.org,false
churchinlakeforest.org,webmaster@churchinlakeforest.org,false
elsinoresearch.com,webmaster@elsinoresearch.com,false
smakelijk-catering.nl,webmaster@smakelijk-catering.nl,false
meltour.com,webmaster@meltour.com,false
agatianna.com,webmaster@agatianna.com,false
hybridbizadvisors.com,webmaster@hybridbizadvisors.com,false
intour-khabarovsk.com,webmaster@intour-khabarovsk.com,false
rearviewsystem.net,webmaster@rearviewsystem.net,false
wevelgem.be,webmaster@wevelgem.be,false
lucasperez.org,webmaster@lucasperez.org,false
xn--2sx885cj6e.biz,webmaster@xn--2sx885cj6e.biz,false
blockchaingames.kr,webmaster@blockchaingames.kr,false
neuer.at,webmaster@neuer.at,false
tuinmeubelenonline.be,webmaster@tuinmeubelenonline.be,false
buythistoday.info,webmaster@buythistoday.info,false
dennybros.fr,webmaster@dennybros.fr,false
tuneupsuccess.com,webmaster@tuneupsuccess.com,false
hanoilasiestadiamondhotel.com,webmaster@hanoilasiestadiamondhotel.com,false
americansafetydist.com,webmaster@americansafetydist.com,false
j2grp.com,webmaster@j2grp.com,false
kinderundjugendchor.de,webmaster@kinderundjugendchor.de,false
bjbrickwork.com,webmaster@bjbrickwork.com,false
comel.com,webmaster@comel.com,false
benevolens.de,webmaster@benevolens.de,false
engagetherapy.com,webmaster@engagetherapy.com,false
northbaysymphony.org,webmaster@northbaysymphony.org,false
pustakalu.com,webmaster@pustakalu.com,false
milliondeal.biz,webmaster@milliondeal.biz,false
rxtxzz.com,webmaster@rxtxzz.com,false
reumpleri-cartuse.ro,webmaster@reumpleri-cartuse.ro,false
bipmp3.net,webmaster@bipmp3.net,false
it-sa.de,webmaster@it-sa.de,false
my-newzealand.blog,webmaster@my-newzealand.blog,false
teatrelamassa.cat,webmaster@teatrelamassa.cat,false
aev.is,webmaster@aev.is,false
reviewgangsta.com,webmaster@reviewgangsta.com,false
komnatasmerti.info,webmaster@komnatasmerti.info,false
eroman-ga.com,webmaster@eroman-ga.com,false
wildflowerbrands.co,webmaster@wildflowerbrands.co,false
ekremdemirli.com,webmaster@ekremdemirli.com,false
thaitgri.org,webmaster@thaitgri.org,false
ironcreeper.com,webmaster@ironcreeper.com,false
stiffarm.com,webmaster@stiffarm.com,false
betonplusz.hu,webmaster@betonplusz.hu,false
jdoubleu.net,webmaster@jdoubleu.net,false
gledanet.hu,webmaster@gledanet.hu,false
theckpgroup.com,webmaster@theckpgroup.com,false
quotemyrig.com,webmaster@quotemyrig.com,false
kimheintz.com,webmaster@kimheintz.com,false
placebo.hr,webmaster@placebo.hr,false
baserriberri.com,webmaster@baserriberri.com,false
tabasalujk.ee,webmaster@tabasalujk.ee,false
medteory.ru,webmaster@medteory.ru,false
cayhoagiay.com,webmaster@cayhoagiay.com,false
ramypasparty.cz,webmaster@ramypasparty.cz,false
cqhaobi.com,webmaster@cqhaobi.com,false
sausage.com,webmaster@sausage.com,false
qmd4.com,webmaster@qmd4.com,false
joshscustomwhips.com,webmaster@joshscustomwhips.com,false
mecburkalanlar.com,webmaster@mecburkalanlar.com,false
camtrace.com,webmaster@camtrace.com,false
owensfinancialgroup.net,webmaster@owensfinancialgroup.net,false
iasdcoimbra.tv,webmaster@iasdcoimbra.tv,false
utrink.com,webmaster@utrink.com,false
norskbokforlag.no,webmaster@norskbokforlag.no,false
jeffthorpe.ca,webmaster@jeffthorpe.ca,false
gaerd-story.de,webmaster@gaerd-story.de,false
nhahangminhkhue.com,webmaster@nhahangminhkhue.com,false
newambient.com,webmaster@newambient.com,false
secretsofspace.com,webmaster@secretsofspace.com,false
kanzlei-bagdassarov.de,webmaster@kanzlei-bagdassarov.de,false
colinar.de,webmaster@colinar.de,false
fadedbutdesiredtreasures.com,webmaster@fadedbutdesiredtreasures.com,false
seanlaurenz.com,webmaster@seanlaurenz.com,false
appleboxdesignstudio.com,webmaster@appleboxdesignstudio.com,false
e-tokka.com,webmaster@e-tokka.com,false
ajedrez.ru,webmaster@ajedrez.ru,false
careycrooker.com,webmaster@careycrooker.com,false
drnguyenviet.com,webmaster@drnguyenviet.com,false
wintergardens.com,webmaster@wintergardens.com,false
owspdukw.cn,webmaster@owspdukw.cn,false
tirolensisarsvini.it,webmaster@tirolensisarsvini.it,false
opensuse-lernen.de,webmaster@opensuse-lernen.de,false
ferreteriaonlinevtc.com,webmaster@ferreteriaonlinevtc.com,false
eyecandyinfographic.com,webmaster@eyecandyinfographic.com,false
thisbadasslife.com,webmaster@thisbadasslife.com,false
nathalie-bastian.fr,webmaster@nathalie-bastian.fr,false
majalahpokeronline.com,webmaster@majalahpokeronline.com,false
champagneattitude.com,webmaster@champagneattitude.com,false
ifa-germany.de,webmaster@ifa-germany.de,false
gg0851.cn,webmaster@gg0851.cn,false
run-feet.com,webmaster@run-feet.com,false
dooh.nl,webmaster@dooh.nl,false
mto888.com,webmaster@mto888.com,false
oturizme.net,webmaster@oturizme.net,false
montehannah.com,webmaster@montehannah.com,false
findyka.com,webmaster@findyka.com,false
countdowntohalloween.com,webmaster@countdowntohalloween.com,false
chovelon.com,webmaster@chovelon.com,false
therussianreader.com,webmaster@therussianreader.com,false
parveendua.com,webmaster@parveendua.com,false
vff-barbara.de,webmaster@vff-barbara.de,false
itsmobilitasostenibile.it,webmaster@itsmobilitasostenibile.it,false
pizzeria-zell.de,webmaster@pizzeria-zell.de,false
jessicatornese.com,webmaster@jessicatornese.com,false
ilnazionale.info,webmaster@ilnazionale.info,false
idolpb.com,webmaster@idolpb.com,false
triqa.in,webmaster@triqa.in,false
castanuelas.net,webmaster@castanuelas.net,false
jnlgjd.cn,webmaster@jnlgjd.cn,false
whenwerv.com,webmaster@whenwerv.com,false
vapenmekaniska.se,webmaster@vapenmekaniska.se,false
willmontgomery.art,webmaster@willmontgomery.art,false
gitekalinka.fr,webmaster@gitekalinka.fr,false
chemtrade.ir,webmaster@chemtrade.ir,false
micrositepro.fr,webmaster@micrositepro.fr,false
logitpro.com,webmaster@logitpro.com,false
zasovzavesa-glazok.icu,webmaster@zasovzavesa-glazok.icu,false
22222gh.com,webmaster@22222gh.com,false
maxwire.net,webmaster@maxwire.net,false
konekoresearch.com,webmaster@konekoresearch.com,false
vittoriasacca.it,webmaster@vittoriasacca.it,false
ks21.de,webmaster@ks21.de,false
autocaravanesmontseny.cat,webmaster@autocaravanesmontseny.cat,false
creativeprojectfoundation.com,webmaster@creativeprojectfoundation.com,false
xn--80aab6agasuihr7bzh.xn--p1ai,webmaster@xn--80aab6agasuihr7bzh.xn--p1ai,false
washingtonfamilyortho.com,webmaster@washingtonfamilyortho.com,false
mvb-online.com,webmaster@mvb-online.com,false
randallwagner.com,webmaster@randallwagner.com,false
dshi2nt.ru,webmaster@dshi2nt.ru,false
zenest.pro,webmaster@zenest.pro,false
mypochki.ru,webmaster@mypochki.ru,false
casterama.com,webmaster@casterama.com,false
usanews.one,webmaster@usanews.one,false
la-case-a-philo.fr,webmaster@la-case-a-philo.fr,false
labakiekazino.lv,webmaster@labakiekazino.lv,false
darkroom.ovh,webmaster@darkroom.ovh,false
newspakistan.tv,webmaster@newspakistan.tv,false
safehome.su,webmaster@safehome.su,false
omarbriones.com,webmaster@omarbriones.com,false
sentierdescostieres.fr,webmaster@sentierdescostieres.fr,false
chakalou-creation-recyc-l.com,webmaster@chakalou-creation-recyc-l.com,false
forzatreviso.tk,webmaster@forzatreviso.tk,false
miklm.com,webmaster@miklm.com,false
electroniccorp.sn,webmaster@electroniccorp.sn,false
houseofenki.com,webmaster@houseofenki.com,false
healthcarereforminsider.com,webmaster@healthcarereforminsider.com,false
cjw.org,webmaster@cjw.org,false
macbooklet.com,webmaster@macbooklet.com,false
bsv-stade.de,webmaster@bsv-stade.de,false
paulhansellfoundation.com,webmaster@paulhansellfoundation.com,false
smac.de,webmaster@smac.de,false
dominicnocera.com,webmaster@dominicnocera.com,false
sugardaddygay.com,webmaster@sugardaddygay.com,false
mongre.org,webmaster@mongre.org,false
trantrungdao.com,webmaster@trantrungdao.com,false
landgasthof-struckum.de,webmaster@landgasthof-struckum.de,false
salthaus.co,webmaster@salthaus.co,false
mondaycatalog.com,webmaster@mondaycatalog.com,false
shopsimplyswanky.com,webmaster@shopsimplyswanky.com,false
nepmuveszetmesterei.hu,webmaster@nepmuveszetmesterei.hu,false
napfe.com,webmaster@napfe.com,false
magintegration.com,webmaster@magintegration.com,false
photographie-grand-paris.fr,webmaster@photographie-grand-paris.fr,false
e-sapuri.com,webmaster@e-sapuri.com,false
sondhan.com,webmaster@sondhan.com,false
prenatalpediatrics.org,webmaster@prenatalpediatrics.org,false
jazzageclub.com,webmaster@jazzageclub.com,false
gunnar-schuberth.de,webmaster@gunnar-schuberth.de,false
easywebdigital.com,webmaster@easywebdigital.com,false
kumsalnakliyat.com,webmaster@kumsalnakliyat.com,false
paudalmau.es,webmaster@paudalmau.es,false
bookfreecaz.com,webmaster@bookfreecaz.com,false
greendaypolska.pl,webmaster@greendaypolska.pl,false
tirol.camp,webmaster@tirol.camp,false
cronaca.news,webmaster@cronaca.news,false
spectacles-animations.com,webmaster@spectacles-animations.com,false
sanjuanpekin.com,webmaster@sanjuanpekin.com,false
plantation-properties.com,webmaster@plantation-properties.com,false
daiichi-kanko.cc,webmaster@daiichi-kanko.cc,false
thepurrfectcup.com,webmaster@thepurrfectcup.com,false
unichospitality.com,webmaster@unichospitality.com,false
stillnn.ru,webmaster@stillnn.ru,false
jn24.it,webmaster@jn24.it,false
offenes-jena.de,webmaster@offenes-jena.de,false
bladerbeer.nl,webmaster@bladerbeer.nl,false
themagicalclean.com,webmaster@themagicalclean.com,false
almazburstroy.ru,webmaster@almazburstroy.ru,false
womenindisplacement.org,webmaster@womenindisplacement.org,false
oficinalegaldeaccidentes.com,webmaster@oficinalegaldeaccidentes.com,false
piuminidanesi.com,webmaster@piuminidanesi.com,false
ubin-net.jp,webmaster@ubin-net.jp,false
crazycookinglady.com,webmaster@crazycookinglady.com,false
gilletteveterinarian.com,webmaster@gilletteveterinarian.com,false
msmalika.cz,webmaster@msmalika.cz,false
glosrasac.org,webmaster@glosrasac.org,false
shop1.jp,webmaster@shop1.jp,false
roadman.jp,webmaster@roadman.jp,false
coppertopdental.com,webmaster@coppertopdental.com,false
alberovolante.it,webmaster@alberovolante.it,false
pinturaydecoraciongranaadeje.es,webmaster@pinturaydecoraciongranaadeje.es,false
horpacs.hu,webmaster@horpacs.hu,false
dazz.fr,webmaster@dazz.fr,false
praxis-linsbichler.at,webmaster@praxis-linsbichler.at,false
tubbyworks.com,webmaster@tubbyworks.com,false
igcsecentre.com,webmaster@igcsecentre.com,false
alishasheffey.com,webmaster@alishasheffey.com,false
carhow.net,webmaster@carhow.net,false
casimages.it,webmaster@casimages.it,false
verreeglomisenola.com,webmaster@verreeglomisenola.com,false
gizellanyquist.com,webmaster@gizellanyquist.com,false
navw.org,webmaster@navw.org,false
polishboysfeet.com,webmaster@polishboysfeet.com,false
roboleague.bg,webmaster@roboleague.bg,false
tsday.com,webmaster@tsday.com,false
rejoynmedical.com,webmaster@rejoynmedical.com,false
csi.ua,webmaster@csi.ua,false
knottica.gr,webmaster@knottica.gr,false
krugmancpa.com,webmaster@krugmancpa.com,false
fdp-wolfsburg.de,webmaster@fdp-wolfsburg.de,false
projectteamintegration.com,webmaster@projectteamintegration.com,false
ecole-cheval-vendee.fr,webmaster@ecole-cheval-vendee.fr,false
ashar.org,webmaster@ashar.org,false
domke-parkett.de,webmaster@domke-parkett.de,false
zenaholloway.com,webmaster@zenaholloway.com,false
centralapotheke.de,webmaster@centralapotheke.de,false
barriere-bebe.com,webmaster@barriere-bebe.com,false
ggs-medinghoven.de,webmaster@ggs-medinghoven.de,false
sprx.kr,webmaster@sprx.kr,false
jandlseeds.com,webmaster@jandlseeds.com,false
youni.la,webmaster@youni.la,false
ferettirus.ru,webmaster@ferettirus.ru,false
elmax.pro,webmaster@elmax.pro,false
studiomedlab.nl,webmaster@studiomedlab.nl,false
giegroup.cn,webmaster@giegroup.cn,false
lhatrails.org,webmaster@lhatrails.org,false
hope-orphans.org,webmaster@hope-orphans.org,false
bengilliland.com,webmaster@bengilliland.com,false
tsuufu.com,webmaster@tsuufu.com,false
zechangfu.com,webmaster@zechangfu.com,false
catharinelowe.com,webmaster@catharinelowe.com,false
flashterra.ru,webmaster@flashterra.ru,false
belmormortgage.com,webmaster@belmormortgage.com,false
goodsee.cc,webmaster@goodsee.cc,false
asesoremprendedor.com,webmaster@asesoremprendedor.com,false
snalcrennes.org,webmaster@snalcrennes.org,false
lungenpraxis-ab.de,webmaster@lungenpraxis-ab.de,false
inoveit.com,webmaster@inoveit.com,false
thepintandbrew.com,webmaster@thepintandbrew.com,false
arcasbaiz.com,webmaster@arcasbaiz.com,false
fiorisflowers.com,webmaster@fiorisflowers.com,false
maccadin.com,webmaster@maccadin.com,false
mackiedental.com,webmaster@mackiedental.com,false
verkehrsverein-buchs.ch,webmaster@verkehrsverein-buchs.ch,false
allegriallergia.org,webmaster@allegriallergia.org,false
yourimmigrationattorneys.com,webmaster@yourimmigrationattorneys.com,false
sxpolitics.org,webmaster@sxpolitics.org,false
landskap.ch,webmaster@landskap.ch,false
belithe.com,webmaster@belithe.com,false
hnhdzx.com,webmaster@hnhdzx.com,false
parityprojects.com,webmaster@parityprojects.com,false
boycottus.net,webmaster@boycottus.net,false
mardyanderson.com,webmaster@mardyanderson.com,false
aquatrx.com,webmaster@aquatrx.com,false
limuzinkiralama.com,webmaster@limuzinkiralama.com,false
185przedszkole.pl,webmaster@185przedszkole.pl,false
gmacademy.eu,webmaster@gmacademy.eu,false
superboss.info,webmaster@superboss.info,false
probul.fr,webmaster@probul.fr,false
gendertalent.nl,webmaster@gendertalent.nl,false
reiterhof-lueneburger-heide.de,webmaster@reiterhof-lueneburger-heide.de,false
richmondhonan.com,webmaster@richmondhonan.com,false
mobili-t.com,webmaster@mobili-t.com,false
delta-gruppe.de,webmaster@delta-gruppe.de,false
techsearchonline.com,webmaster@techsearchonline.com,false
danielr-photography.com,webmaster@danielr-photography.com,false
milin.net,webmaster@milin.net,false
arbutuspress.com,webmaster@arbutuspress.com,false
mstenergy.it,webmaster@mstenergy.it,false
pakarcreative.com,webmaster@pakarcreative.com,false
babybasketcompany.com,webmaster@babybasketcompany.com,false
autolakkservice.no,webmaster@autolakkservice.no,false
pathologyatlas.net,webmaster@pathologyatlas.net,false
germotor.es,webmaster@germotor.es,false
loveamen-magazine.com,webmaster@loveamen-magazine.com,false
zacharythayer.net,webmaster@zacharythayer.net,false
cdu-fraktion-niedersachsen.de,webmaster@cdu-fraktion-niedersachsen.de,false
xionggepyh.com,webmaster@xionggepyh.com,false
internationalsupplements.com,webmaster@internationalsupplements.com,false
daytona500stream.com,webmaster@daytona500stream.com,false
bevillandassociates.com,webmaster@bevillandassociates.com,false
bladezone.cz,webmaster@bladezone.cz,false
parmalat.it,webmaster@parmalat.it,false
srs-potolki.ru,webmaster@srs-potolki.ru,false
marcoloman.com,webmaster@marcoloman.com,false
yuxuan88.com,webmaster@yuxuan88.com,false
mojatureckakuchyna.com,webmaster@mojatureckakuchyna.com,false
butor-szerelveny.hu,webmaster@butor-szerelveny.hu,false
zn-staffy.ru,webmaster@zn-staffy.ru,false
rizhaohome.com,webmaster@rizhaohome.com,false
pornoforwomen.com,webmaster@pornoforwomen.com,false
nostalgyradio.cz,webmaster@nostalgyradio.cz,false
wp-design.jp,webmaster@wp-design.jp,false
terredemontaigne.fr,webmaster@terredemontaigne.fr,false
hokorijuku.com,webmaster@hokorijuku.com,false
wildscreen.de,webmaster@wildscreen.de,false
kitchen-umi.jp,webmaster@kitchen-umi.jp,false
bogimac.com,webmaster@bogimac.com,false
leathermag.com,webmaster@leathermag.com,false
aso48.com,webmaster@aso48.com,false
bvisio.com,webmaster@bvisio.com,false
prohomestores.com,webmaster@prohomestores.com,false
italianadesign.it,webmaster@italianadesign.it,false
yusi.tv,webmaster@yusi.tv,false
approachingx.com,webmaster@approachingx.com,false
hijosdigitales.es,webmaster@hijosdigitales.es,false
southcoastshingle.com,webmaster@southcoastshingle.com,false
movieth-hd.com,webmaster@movieth-hd.com,false
bagira-laser.ru,webmaster@bagira-laser.ru,false
familie-walther.eu,webmaster@familie-walther.eu,false
hustlehearted.com,webmaster@hustlehearted.com,false
royalsamajavillas.com,webmaster@royalsamajavillas.com,false
thecupcakeryonline.com,webmaster@thecupcakeryonline.com,false
golperu.pe,webmaster@golperu.pe,false
movalleyrockclub.com,webmaster@movalleyrockclub.com,false
thiepcuoigiahy.com,webmaster@thiepcuoigiahy.com,false
shiaikaratedo.at,webmaster@shiaikaratedo.at,false
infobizfree.ru,webmaster@infobizfree.ru,false
bepis.online,webmaster@bepis.online,false
guillaumelecerf.fr,webmaster@guillaumelecerf.fr,false
toppetshop.ro,webmaster@toppetshop.ro,false
bipolarmalta.org,webmaster@bipolarmalta.org,false
restauracjadworek.pl,webmaster@restauracjadworek.pl,false
worldindoorcricketfederation.com,webmaster@worldindoorcricketfederation.com,false
open-datapool.de,webmaster@open-datapool.de,false
thewritingcampus.com,webmaster@thewritingcampus.com,false
feelingdogeducateurcanin60.com,webmaster@feelingdogeducateurcanin60.com,false
mokusotreatments.com,webmaster@mokusotreatments.com,false
o-rainbow.com,webmaster@o-rainbow.com,false
craniodad.com,webmaster@craniodad.com,false
blowermotorresistor.biz,webmaster@blowermotorresistor.biz,false
fonds-antizyklik-sjb.de,webmaster@fonds-antizyklik-sjb.de,false
cf-shinshu.jp,webmaster@cf-shinshu.jp,false
suchthilfe-mv.de,webmaster@suchthilfe-mv.de,false
thelaserimagecompany.com,webmaster@thelaserimagecompany.com,false
iberdrolarenovablesenergia.com,webmaster@iberdrolarenovablesenergia.com,false
starcompany.ca,webmaster@starcompany.ca,false
fisco24.info,webmaster@fisco24.info,false
blue-wind.net,webmaster@blue-wind.net,false
mapaeducacao.com,webmaster@mapaeducacao.com,false
shilun.net,webmaster@shilun.net,false
ehlinsurance.com,webmaster@ehlinsurance.com,false
historicwaynesborough.org,webmaster@historicwaynesborough.org,false
tissuegnostics.cn,webmaster@tissuegnostics.cn,false
praviva.it,webmaster@praviva.it,false
sjsheriffsfoundation.org,webmaster@sjsheriffsfoundation.org,false
in-quattro.com,webmaster@in-quattro.com,false
beachdag.nl,webmaster@beachdag.nl,false
janetfouts.com,webmaster@janetfouts.com,false
claymontstoneschool.org,webmaster@claymontstoneschool.org,false
pontenvalor.com,webmaster@pontenvalor.com,false
jasa-backlink.net,webmaster@jasa-backlink.net,false
220ln.ru,webmaster@220ln.ru,false
one-contact.de,webmaster@one-contact.de,false
cespo.nl,webmaster@cespo.nl,false
xilinmenclub.com,webmaster@xilinmenclub.com,false
inkorpore.com,webmaster@inkorpore.com,false
bogdanpantoc.ro,webmaster@bogdanpantoc.ro,false
visionsbiz-online.com,webmaster@visionsbiz-online.com,false
rainhard-fendrich-shop.at,webmaster@rainhard-fendrich-shop.at,false
blityri.it,webmaster@blityri.it,false
causeforcanines.org,webmaster@causeforcanines.org,false
krakowtravel.com,webmaster@krakowtravel.com,false
vseanekdoty.ru,webmaster@vseanekdoty.ru,false
